SQ_CANDIDATO,ANO_ELEICAO,SG_UF,DS_CARGO,NR_CANDIDATO,NM_URNA_CANDIDATO,SG_PARTIDO,DT_NASCIMENTO,NR_IDADE_DATA_POSSE,DS_GENERO,DS_GRAU_INSTRUCAO,DS_ESTADO_CIVIL,DS_COR_RACA,DS_OCUPACAO,VR_DESPESA_MAX_CAMPANHA,DS_SIT_TOT_TURNO,QT_VOTOS,VR_RECEITA,VR_BEM_CANDIDATO
150001643207,2022,PB,DEPUTADO ESTADUAL,13999,NAL DA BANCA,PT,30/11/1983,39,MASCULINO,ENSINO MÉDIO COMPLETO,SOLTEIRO(A),BRANCA,COMERCIANTE,1270629.01,SUPLENTE,331.0,6000.0,
150001718492,2022,PB,DEPUTADO ESTADUAL,36013,NILDÃO É POVÃO,AGIR,22/04/1961,61,MASCULINO,SUPERIOR COMPLETO,CASADO(A),PARDA,ADMINISTRADOR,1270629.01,NÃO ELEITO,123.0,1347.25,200000.0
150001718098,2022,PB,DEPUTADO ESTADUAL,15789,ANDRE GADELHA,MDB,10/04/1975,47,MASCULINO,SUPERIOR COMPLETO,CASADO(A),PARDA,ADMINISTRADOR,1270629.01,SUPLENTE,18374.0,168500.0,1387610.47
150001718219,2022,PB,DEPUTADO ESTADUAL,22122,CICINHO LIMA,PL,04/09/1974,48,MASCULINO,ENSINO MÉDIO COMPLETO,CASADO(A),PRETA,CANTOR E COMPOSITOR,1270629.01,SUPLENTE,15703.0,226765.6,
150001621356,2022,PB,DEPUTADO ESTADUAL,45745,ROSA TORREÃO,PSDB,26/07/1980,42,FEMININO,ENSINO FUNDAMENTAL INCOMPLETO,CASADO(A),PARDA,CABELEIREIRO E BARBEIRO,1270629.01,SUPLENTE,163.0,31500.0,
150001718390,2022,PB,DEPUTADO ESTADUAL,35500,GUSTAVO LOVE BUSS,PMB,27/09/1977,45,MASCULINO,SUPERIOR INCOMPLETO,DIVORCIADO(A),PARDA,MOTORISTA DE VEÍCULOS DE TRANSPORTE COLETIVO DE PASSAGEIROS,1270629.01,NÃO ELEITO,6.0,,
150001723290,2022,PB,DEPUTADO ESTADUAL,14500,JEMISSON SALES,PTB,14/05/1978,44,MASCULINO,ENSINO MÉDIO COMPLETO,DIVORCIADO(A),PARDA,FOTÓGRAFO E ASSEMELHADOS,1270629.01,NÃO ELEITO,561.0,4058.5,5000.0
150001718112,2022,PB,DEPUTADO ESTADUAL,15222,JACI GUIMARAES,MDB,01/08/1984,38,FEMININO,SUPERIOR COMPLETO,SOLTEIRO(A),BRANCA,OUTROS,1270629.01,SUPLENTE,433.0,51040.0,300000.0
150001621594,2022,PB,DEPUTADO ESTADUAL,27888,VITÓRIA SANTOS,DC,25/09/1998,24,FEMININO,ENSINO FUNDAMENTAL COMPLETO,SOLTEIRO(A),PARDA,DONA DE CASA,1270629.01,NÃO ELEITO,25.0,7480.0,
150001643211,2022,PB,DEPUTADO ESTADUAL,13456,TERESINHA DANTAS,PT,21/06/1977,45,FEMININO,SUPERIOR COMPLETO,CASADO(A),BRANCA,PSICÓLOGO,1270629.01,SUPLENTE,1425.0,150000.0,2535000.0
150001718487,2022,PB,DEPUTADO ESTADUAL,36777,TONY DO CONSELHO,AGIR,29/04/1955,67,MASCULINO,SUPERIOR COMPLETO,CASADO(A),PARDA,CONTADOR,1270629.01,NÃO ELEITO,607.0,1347.25,
150001718410,2022,PB,DEPUTADO ESTADUAL,35123,ANSELMO LIMEIRA,PMB,10/10/1970,52,MASCULINO,ENSINO MÉDIO COMPLETO,CASADO(A),BRANCA,EMPRESÁRIO,1270629.01,NÃO ELEITO,1014.0,,
150001718094,2022,PB,DEPUTADO ESTADUAL,15191,LUCIANA STYLLUS,MDB,15/03/1981,41,FEMININO,ENSINO MÉDIO COMPLETO,SOLTEIRO(A),PARDA,OUTROS,1270629.01,SUPLENTE,186.0,30000.0,
150001718084,2022,PB,DEPUTADO ESTADUAL,15415,JUNIO SOM,MDB,05/02/1977,45,MASCULINO,ENSINO FUNDAMENTAL INCOMPLETO,CASADO(A),PARDA,OUTROS,1270629.01,SUPLENTE,396.0,,160000.0
150001621384,2022,PB,DEPUTADO ESTADUAL,45451,ANDRÉA LIBARDI,PSDB,21/12/1967,55,FEMININO,SUPERIOR COMPLETO,CASADO(A),BRANCA,GUIA DE TURISMO,1270629.01,SUPLENTE,216.0,87000.0,160000.0
150001621374,2022,PB,DEPUTADO ESTADUAL,45190,CAPITÃO EURES MARADONA,PSDB,04/10/1969,53,MASCULINO,ENSINO MÉDIO COMPLETO,CASADO(A),PARDA,BOMBEIRO MILITAR,1270629.01,SUPLENTE,1515.0,70000.0,370000.0
150001723296,2022,PB,DEPUTADO ESTADUAL,14888,PASTOR MARCIO LIMA,PTB,10/11/1983,39,MASCULINO,ENSINO MÉDIO COMPLETO,CASADO(A),BRANCA,AGENTE ADMINISTRATIVO,1270629.01,NÃO ELEITO,184.0,4058.5,
150001603142,2022,PB,DEPUTADO ESTADUAL,44144,RENILDA FERREIRA,UNIÃO,04/02/1974,48,FEMININO,ENSINO MÉDIO COMPLETO,CASADO(A),PARDA,"VENDEDOR PRACISTA, REPRESENTANTE, CAIXEIRO-VIAJANTE E ASSEMELHADOS",1270629.01,SUPLENTE,445.0,30000.0,
150001619619,2022,PB,DEPUTADO ESTADUAL,28999,RENATA ALMEIDA DA BLESS,PRTB,07/07/1973,49,FEMININO,SUPERIOR COMPLETO,CASADO(A),BRANCA,OUTROS,1270629.01,NÃO ELEITO,2128.0,6500.0,240000.0
150001620783,2022,PB,DEPUTADO ESTADUAL,55545,NAJARA,PSD,11/02/1982,40,FEMININO,ENSINO MÉDIO COMPLETO,DIVORCIADO(A),BRANCA,AUXILIAR DE ESCRITÓRIO E ASSEMELHADOS,1270629.01,SUPLENTE,161.0,75000.0,
150001718206,2022,PB,DEPUTADO ESTADUAL,22888,VALDI TARTARUGA,PL,14/06/1969,53,MASCULINO,LÊ E ESCREVE,SOLTEIRO(A),PARDA,COMERCIANTE,1270629.01,SUPLENTE,808.0,15000.0,
150001619558,2022,PB,DEPUTADO ESTADUAL,10123,JUTAY MENESES,REPUBLICANOS,01/01/1973,50,MASCULINO,SUPERIOR COMPLETO,CASADO(A),PARDA,DEPUTADO,1270629.01,ELEITO POR MÉDIA,33272.0,465507.0,562197.38
150001643191,2022,PB,DEPUTADO ESTADUAL,13333,PROFESSOR RAFAEL,PT,13/09/1988,34,MASCULINO,SUPERIOR COMPLETO,SOLTEIRO(A),PRETA,AGRICULTOR,1270629.01,SUPLENTE,3644.0,38021.06,32700.0
150001718486,2022,PB,DEPUTADO ESTADUAL,36222,ANA LUCIA,AGIR,02/06/1972,50,FEMININO,ENSINO MÉDIO COMPLETO,SOLTEIRO(A),PARDA,OUTROS,1270629.01,NÃO ELEITO,8.0,1347.25,
150001718207,2022,PB,DEPUTADO ESTADUAL,22111,MOACIR RODRIGUES,PL,19/09/1962,60,MASCULINO,SUPERIOR COMPLETO,CASADO(A),BRANCA,DEPUTADO,1270629.01,SUPLENTE,10266.0,131000.0,315000.0
150001718503,2022,PB,DEPUTADO ESTADUAL,36444,JENNIFER ALMEIDA,AGIR,23/03/1995,27,FEMININO,ENSINO MÉDIO COMPLETO,SOLTEIRO(A),PARDA,EMPRESÁRIO,1270629.01,NÃO ELEITO,4.0,1347.25,
150001723289,2022,PB,DEPUTADO ESTADUAL,14122,ELAINE NÓBREGA,PTB,05/07/1981,41,FEMININO,SUPERIOR INCOMPLETO,CASADO(A),PARDA,COMERCIANTE,1270629.01,NÃO ELEITO,203.0,19058.5,
150001737758,2022,PB,DEPUTADO ESTADUAL,35122,ISAURA FARIAS,PMB,26/04/1984,38,FEMININO,SUPERIOR COMPLETO,CASADO(A),PARDA,ADVOGADO,1270629.01,NÃO ELEITO,316.0,1050.0,220000.0
150001620820,2022,PB,DEPUTADO ESTADUAL,77133,NICE DAMÁZIO,SOLIDARIEDADE,03/03/1972,50,FEMININO,SUPERIOR COMPLETO,DIVORCIADO(A),PRETA,DONA DE CASA,1270629.01,SUPLENTE,171.0,1920.0,171000.0
150001718211,2022,PB,DEPUTADO ESTADUAL,22210,DAMIRA CAMBOIM,PL,15/01/1972,51,FEMININO,ENSINO MÉDIO COMPLETO,DIVORCIADO(A),PARDA,OUTROS,1270629.01,SUPLENTE,365.0,15000.0,273000.0
150001718105,2022,PB,DEPUTADO ESTADUAL,15147,ANDERSON MONTEIRO,MDB,23/05/1986,36,MASCULINO,SUPERIOR COMPLETO,CASADO(A),BRANCA,DEPUTADO,1270629.01,ELEITO POR QP,25218.0,265000.0,803501.82
150001619628,2022,PB,DEPUTADO ESTADUAL,28800,RICARDO FRANCESCHINI,PRTB,22/10/1982,40,MASCULINO,SUPERIOR COMPLETO,CASADO(A),BRANCA,ADVOGADO,1270629.01,NÃO ELEITO,3479.0,4520.0,485000.0
150001643206,2022,PB,DEPUTADO ESTADUAL,13007,VAGNER FREITAS,PT,01/09/1995,27,MASCULINO,ENSINO MÉDIO INCOMPLETO,SOLTEIRO(A),PRETA,"ESTUDANTE, BOLSISTA, ESTAGIÁRIO E ASSEMELHADOS",1270629.01,SUPLENTE,61.0,18160.0,
150001619576,2022,PB,DEPUTADO ESTADUAL,10999,LEONICE LOPES,REPUBLICANOS,03/04/1952,70,FEMININO,SUPERIOR COMPLETO,CASADO(A),PRETA,APOSENTADO (EXCETO SERVIDOR PÚBLICO),1270629.01,SUPLENTE,3413.0,264018.64,
150001603128,2022,PB,DEPUTADO ESTADUAL,44778,LURDINHA MIGUEL,UNIÃO,07/07/1980,42,FEMININO,ENSINO MÉDIO COMPLETO,CASADO(A),PARDA,EMPRESÁRIO,1270629.01,SUPLENTE,308.0,56500.0,9349.0
150001643192,2022,PB,DEPUTADO ESTADUAL,13113,CICERO PEDREIRO,PT,24/04/1973,49,MASCULINO,ENSINO MÉDIO COMPLETO,SOLTEIRO(A),PARDA,AGRICULTOR,1270629.01,SUPLENTE,506.0,9030.0,4000.0
150001621363,2022,PB,DEPUTADO ESTADUAL,45010,ALEXANDRE ARARUNA,PSDB,20/03/1975,47,MASCULINO,SUPERIOR COMPLETO,CASADO(A),BRANCA,MÉDICO,1270629.01,SUPLENTE,4179.0,201201.0,6246182.22
150001718413,2022,PB,DEPUTADO ESTADUAL,35077,DEYVSON HUMBERTO,PMB,04/01/1994,29,MASCULINO,SUPERIOR COMPLETO,DIVORCIADO(A),PARDA,EMPRESÁRIO,1270629.01,NÃO ELEITO,44.0,,80000.0
150001643182,2022,PB,DEPUTADO ESTADUAL,13400,CIDA RAMOS,PT,16/06/1964,58,FEMININO,SUPERIOR COMPLETO,CASADO(A),PRETA,DEPUTADO,1270629.01,ELEITO POR QP,31819.0,476880.0,1155000.0
150001718102,2022,PB,DEPUTADO ESTADUAL,15678,RAMON MENEZES,MDB,22/02/1994,28,MASCULINO,SUPERIOR COMPLETO,SOLTEIRO(A),PARDA,VEREADOR,1270629.01,SUPLENTE,4573.0,62580.0,23735.78
150001621585,2022,PB,DEPUTADO ESTADUAL,18999,WELLINGTON SOUSA,REDE,05/10/1972,50,MASCULINO,ENSINO MÉDIO COMPLETO,SOLTEIRO(A),PARDA,EMPRESÁRIO,1270629.01,SUPLENTE,402.0,18600.0,89000.0
150001718115,2022,PB,DEPUTADO ESTADUAL,15888,GILSON BORGES,MDB,01/07/1962,60,MASCULINO,ENSINO FUNDAMENTAL INCOMPLETO,CASADO(A),PARDA,EMPRESÁRIO,1270629.01,SUPLENTE,606.0,,
150001621658,2022,PB,DEPUTADO ESTADUAL,40222,TANILSON SOARES,PSB,12/07/1976,46,MASCULINO,SUPERIOR COMPLETO,CASADO(A),BRANCA,VEREADOR,1270629.01,ELEITO POR QP,42087.0,168809.0,312967.35
150001621587,2022,PB,DEPUTADO ESTADUAL,18777,NICE,REDE,07/10/1984,38,FEMININO,SUPERIOR COMPLETO,SOLTEIRO(A),PARDA,AGENTE DE SAÚDE E SANITARISTA,1270629.01,SUPLENTE,446.0,27266.0,
150001621367,2022,PB,DEPUTADO ESTADUAL,45999,TERESA CARNEIRO,PSDB,03/09/1983,39,FEMININO,SUPERIOR COMPLETO,DIVORCIADO(A),BRANCA,ENGENHEIRO,1270629.01,SUPLENTE,1217.0,50000.0,
150001620812,2022,PB,DEPUTADO ESTADUAL,77345,ALEXANDRE PACHECO,SOLIDARIEDADE,07/03/1966,56,MASCULINO,ENSINO MÉDIO COMPLETO,CASADO(A),PARDA,APOSENTADO (EXCETO SERVIDOR PÚBLICO),1270629.01,SUPLENTE,79.0,1920.0,
150001621382,2022,PB,DEPUTADO ESTADUAL,45345,DR RAMONILSON,PSDB,23/11/1974,48,MASCULINO,SUPERIOR COMPLETO,CASADO(A),BRANCA,PROFESSOR DE ENSINO SUPERIOR,1270629.01,SUPLENTE,9636.0,149719.0,1725741.0
150001612062,2022,PB,DEPUTADO ESTADUAL,11000,PASTOR LUCIANO BRENO,PP,03/01/1967,56,MASCULINO,SUPERIOR COMPLETO,CASADO(A),PRETA,VEREADOR,1270629.01,SUPLENTE,5974.0,404575.0,
150001621675,2022,PB,DEPUTADO ESTADUAL,40450,ROSE LOPES,PSB,24/06/1970,52,FEMININO,ENSINO MÉDIO COMPLETO,CASADO(A),BRANCA,SERVIDOR PÚBLICO ESTADUAL,1270629.01,SUPLENTE,185.0,10000.0,310.5
150001621377,2022,PB,DEPUTADO ESTADUAL,45555,FABIO RAMALHO,PSDB,16/01/1981,42,MASCULINO,SUPERIOR INCOMPLETO,CASADO(A),PARDA,OUTROS,1270629.01,ELEITO POR QP,48260.0,164500.0,405953.32
150001621568,2022,PB,DEPUTADO ESTADUAL,50000,OLÍMPIO ROCHA,PSOL,28/09/1985,37,MASCULINO,SUPERIOR COMPLETO,CASADO(A),PARDA,ADVOGADO,1270629.01,SUPLENTE,2931.0,38033.51,465000.0
150001718419,2022,PB,DEPUTADO ESTADUAL,35722,NEIDE LINS,PMB,17/11/1963,59,FEMININO,ENSINO MÉDIO COMPLETO,DIVORCIADO(A),PARDA,DONA DE CASA,1270629.01,NÃO ELEITO,79.0,,
150001612051,2022,PB,DEPUTADO ESTADUAL,11222,GALEGO DE SOUZA ,PP,11/06/1962,60,MASCULINO,ENSINO FUNDAMENTAL INCOMPLETO,CASADO(A),BRANCA,DEPUTADO,1270629.01,ELEITO POR MÉDIA,34452.0,390656.0,380333.0
150001621604,2022,PB,DEPUTADO ESTADUAL,27710,CARLINHOS AMARO,DC,06/12/1961,61,MASCULINO,ENSINO FUNDAMENTAL INCOMPLETO,CASADO(A),PARDA,APOSENTADO (EXCETO SERVIDOR PÚBLICO),1270629.01,NÃO ELEITO,317.0,10100.0,
150001621376,2022,PB,DEPUTADO ESTADUAL,45777,GUSTAVO ANGELO,PSDB,04/07/1990,32,MASCULINO,SUPERIOR COMPLETO,CASADO(A),BRANCA,ADVOGADO,1270629.01,SUPLENTE,835.0,76400.0,265000.0
150001620823,2022,PB,DEPUTADO ESTADUAL,77321,TRAJANO,SOLIDARIEDADE,19/04/1969,53,MASCULINO,SUPERIOR COMPLETO,CASADO(A),PRETA,EMPRESÁRIO,1270629.01,SUPLENTE,426.0,920.0,60000.0
150001723303,2022,PB,DEPUTADO ESTADUAL,14777,JAYMES MOTA,PTB,02/02/1986,36,MASCULINO,ENSINO MÉDIO COMPLETO,SOLTEIRO(A),PARDA,OUTROS,1270629.01,NÃO ELEITO,329.0,24058.5,
150001620786,2022,PB,DEPUTADO ESTADUAL,55000,MOFI,PSD,19/09/1972,50,MASCULINO,ENSINO MÉDIO INCOMPLETO,SOLTEIRO(A),PARDA,COMUNICÓLOGO,1270629.01,SUPLENTE,8565.0,173500.0,522200.0
150001643190,2022,PB,DEPUTADO ESTADUAL,13666,EDNA RIBEIRO,PT,02/09/1967,55,FEMININO,SUPERIOR COMPLETO,DIVORCIADO(A),PARDA,COMERCIANTE,1270629.01,SUPLENTE,1428.0,19820.0,
150001718417,2022,PB,DEPUTADO ESTADUAL,35900,MARIA CLEIDE,PMB,26/09/1969,53,FEMININO,ENSINO MÉDIO COMPLETO,VIÚVO(A),PRETA,TÉCNICO DE ENFERMAGEM E ASSEMELHADOS (EXCETO ENFERMEIRO),1270629.01,NÃO ELEITO,52.0,,
150001620832,2022,PB,DEPUTADO ESTADUAL,77022,SUÊNIA MARQUES,SOLIDARIEDADE,26/10/1965,57,FEMININO,SUPERIOR COMPLETO,DIVORCIADO(A),BRANCA,MOTORISTA PARTICULAR,1270629.01,SUPLENTE,25.0,1920.0,
150001619623,2022,PB,DEPUTADO ESTADUAL,28777,NOZILDA BARREIRO,PRTB,18/06/1966,56,FEMININO,SUPERIOR COMPLETO,DIVORCIADO(A),BRANCA,OUTROS,1270629.01,NÃO ELEITO,162.0,9720.0,
150001643201,2022,PB,DEPUTADO ESTADUAL,13555,JÂNIO JÁ,PT,25/02/1965,57,MASCULINO,ENSINO MÉDIO COMPLETO,DIVORCIADO(A),PARDA,COMERCIANTE,1270629.01,SUPLENTE,263.0,9150.0,
150001718109,2022,PB,DEPUTADO ESTADUAL,15281,SIMONE DAS NEVES,MDB,28/10/1984,38,FEMININO,SUPERIOR COMPLETO,DIVORCIADO(A),PARDA,OUTROS,1270629.01,SUPLENTE,63.0,30000.0,
150001619577,2022,PB,DEPUTADO ESTADUAL,10000,MICHEL HENRIQUE,REPUBLICANOS,13/03/1981,41,MASCULINO,SUPERIOR COMPLETO,CASADO(A),BRANCA,ADVOGADO,1270629.01,ELEITO POR QP,46699.0,1065910.0,997897.68
150001619563,2022,PB,DEPUTADO ESTADUAL,10211,PROFESSORA MIRA,REPUBLICANOS,12/03/1979,43,FEMININO,SUPERIOR COMPLETO,CASADO(A),PARDA,PROFESSOR DE ENSINO MÉDIO,1270629.01,NÃO ELEITO,198.0,10000.0,
150001621590,2022,PB,DEPUTADO ESTADUAL,27600,AURISTELA FERREIRA,DC,02/04/1989,33,FEMININO,ENSINO MÉDIO INCOMPLETO,CASADO(A),PARDA,DONA DE CASA,1270629.01,NÃO ELEITO,46.0,7480.0,
150001621599,2022,PB,DEPUTADO ESTADUAL,27700,PR J NASCIMENTO,DC,04/03/1965,57,MASCULINO,ENSINO MÉDIO COMPLETO,CASADO(A),PARDA,OUTROS,1270629.01,NÃO ELEITO,138.0,13600.0,157500.0
150001620830,2022,PB,DEPUTADO ESTADUAL,77200,CRISTINO BOMFIM,SOLIDARIEDADE,20/10/1969,53,MASCULINO,ENSINO MÉDIO COMPLETO,CASADO(A),PRETA,EMPRESÁRIO,1270629.01,SUPLENTE,51.0,920.0,120000.0
150001718110,2022,PB,DEPUTADO ESTADUAL,15111,CAMILINHO FRANCO,MDB,18/04/1986,36,MASCULINO,SUPERIOR COMPLETO,CASADO(A),PARDA,ADMINISTRADOR,1270629.01,SUPLENTE,1673.0,62500.0,
150001621353,2022,PB,DEPUTADO ESTADUAL,45543,DEMA JOAQUIM,PSDB,31/10/1974,48,MASCULINO,ENSINO MÉDIO COMPLETO,CASADO(A),PARDA,AGRICULTOR,1270629.01,SUPLENTE,691.0,76000.0,269000.0
150001619621,2022,PB,DEPUTADO ESTADUAL,28380,CAPITÃO BRITO,PRTB,25/01/1979,44,MASCULINO,SUPERIOR COMPLETO,CASADO(A),PARDA,POLICIAL MILITAR,1270629.01,NÃO ELEITO,1742.0,3000.0,
150001621373,2022,PB,DEPUTADO ESTADUAL,45888,PROFESSOR RONISMAR ,PSDB,19/08/1975,47,MASCULINO,SUPERIOR COMPLETO,DIVORCIADO(A),PARDA,PROFESSOR DE ENSINO FUNDAMENTAL,1270629.01,SUPLENTE,444.0,25000.0,762809.14
150001603119,2022,PB,DEPUTADO ESTADUAL,44888,VANDA DE OLAVO,UNIÃO,20/05/1967,55,FEMININO,SUPERIOR COMPLETO,VIÚVO(A),PARDA,DONA DE CASA,1270629.01,SUPLENTE,2111.0,226000.0,301725.99
150001718497,2022,PB,DEPUTADO ESTADUAL,36133,RARIANA WALESCA,AGIR,01/02/1983,40,FEMININO,SUPERIOR COMPLETO,SOLTEIRO(A),PARDA,ASSISTENTE SOCIAL,1270629.01,NÃO ELEITO,89.0,1347.25,
150001621361,2022,PB,DEPUTADO ESTADUAL,45200,JANDUY FERREIRA,PSDB,03/08/1972,50,MASCULINO,ENSINO MÉDIO COMPLETO,CASADO(A),PARDA,VEREADOR,1270629.01,SUPLENTE,3282.0,75000.0,530546.49
150001641283,2022,PB,DEPUTADO ESTADUAL,55190,RAQUEL FRANÇA,PSD,17/05/1982,40,FEMININO,SUPERIOR INCOMPLETO,SOLTEIRO(A),PARDA,POLICIAL MILITAR,1270629.01,SUPLENTE,303.0,75000.0,
150001643181,2022,PB,DEPUTADO ESTADUAL,13300,MÁRCIA LUCENA,PT,04/07/1963,59,FEMININO,SUPERIOR COMPLETO,CASADO(A),BRANCA,PROFESSOR DE ENSINO MÉDIO,1270629.01,SUPLENTE,15387.0,89098.09,905718.65
150001621569,2022,PB,DEPUTADO ESTADUAL,50999,ZÉ COSTA  JC COSTINHA,PSOL,04/10/1961,61,MASCULINO,SUPERIOR COMPLETO,CASADO(A),PARDA,OUTROS,1270629.01,SUPLENTE,166.0,9922.279999999999,337000.0
150001718499,2022,PB,DEPUTADO ESTADUAL,36789,SERGIO RAFAEL,AGIR,16/06/1975,47,MASCULINO,SUPERIOR COMPLETO,CASADO(A),PRETA,ADVOGADO,1270629.01,NÃO ELEITO,1210.0,1347.25,61000.0
150001621573,2022,PB,DEPUTADO ESTADUAL,50055,JOSI É NOIS A MUDANÇA ,PSOL,28/03/1984,38,FEMININO,SUPERIOR INCOMPLETO,SOLTEIRO(A),PRETA,"ESTUDANTE, BOLSISTA, ESTAGIÁRIO E ASSEMELHADOS",1270629.01,SUPLENTE,1285.0,35350.97,
150001718500,2022,PB,DEPUTADO ESTADUAL,36151,TAMARA ALVES,AGIR,15/02/1993,29,FEMININO,ENSINO MÉDIO COMPLETO,SOLTEIRO(A),PARDA,OUTROS,1270629.01,NÃO ELEITO,21.0,1347.25,
150001718095,2022,PB,DEPUTADO ESTADUAL,15555,DR ROMUALDO,MDB,06/02/1964,58,MASCULINO,SUPERIOR COMPLETO,CASADO(A),BRANCA,MÉDICO,1270629.01,ELEITO POR MÉDIA,24075.0,106000.0,792655.2
150001718197,2022,PB,DEPUTADO ESTADUAL,22522,TENENTE ROMANELLI,PL,11/11/1972,50,MASCULINO,SUPERIOR COMPLETO,CASADO(A),PARDA,MILITAR REFORMADO,1270629.01,SUPLENTE,562.0,17800.0,430000.0
150001718223,2022,PB,DEPUTADO ESTADUAL,22654,RENATA MARTINS,PL,14/01/1980,43,FEMININO,SUPERIOR INCOMPLETO,SOLTEIRO(A),PARDA,APOSENTADO (EXCETO SERVIDOR PÚBLICO),1270629.01,SUPLENTE,68.0,15000.0,78000.0
150001621661,2022,PB,DEPUTADO ESTADUAL,40444,MAVETE,PSB,30/09/1967,55,FEMININO,ENSINO MÉDIO COMPLETO,SOLTEIRO(A),PARDA,EMPRESÁRIO,1270629.01,SUPLENTE,615.0,15764.5,20000.0
150001621608,2022,PB,DEPUTADO ESTADUAL,27100,SERJÃO DAS MALVINAS,DC,11/06/1967,55,MASCULINO,ENSINO MÉDIO COMPLETO,CASADO(A),PARDA,OUTROS,1270629.01,NÃO ELEITO,172.0,10100.0,110000.0
150001621653,2022,PB,DEPUTADO ESTADUAL,40890,PEDRO SEVERINO DE SOUSA,PSB,25/08/1956,66,MASCULINO,SUPERIOR COMPLETO,CASADO(A),BRANCA,APOSENTADO (EXCETO SERVIDOR PÚBLICO),1270629.01,SUPLENTE,68.0,,
150001718416,2022,PB,DEPUTADO ESTADUAL,35333,JOSIAS DO BEMAIS,PMB,10/06/1971,51,MASCULINO,SUPERIOR COMPLETO,SOLTEIRO(A),PARDA,PROFESSOR DE ENSINO FUNDAMENTAL,1270629.01,NÃO ELEITO,100.0,,300000.0
150001621368,2022,PB,DEPUTADO ESTADUAL,45789,SARGENTO NUNES DE SANTA RITA,PSDB,25/10/1963,59,MASCULINO,ENSINO MÉDIO COMPLETO,CASADO(A),PARDA,POLICIAL MILITAR,1270629.01,SUPLENTE,147.0,30000.0,
150001718407,2022,PB,DEPUTADO ESTADUAL,35600,ADRIANO GONÇALVES,PMB,22/08/1981,41,MASCULINO,SUPERIOR COMPLETO,CASADO(A),PARDA,SERVIDOR PÚBLICO ESTADUAL,1270629.01,NÃO ELEITO,14.0,,867671.0
150001603137,2022,PB,DEPUTADO ESTADUAL,44111,AIRTON PIRES,UNIÃO,18/06/1961,61,MASCULINO,SUPERIOR INCOMPLETO,CASADO(A),PARDA,COMERCIANTE,1270629.01,SUPLENTE,17438.0,102200.0,101793.43000000001
150001724144,2022,PB,DEPUTADO ESTADUAL,43333,FLAVIO,PV,25/01/1974,49,MASCULINO,SUPERIOR INCOMPLETO,DIVORCIADO(A),BRANCA,"ESTUDANTE, BOLSISTA, ESTAGIÁRIO E ASSEMELHADOS",1270629.01,NÃO ELEITO,107.0,,
150001603121,2022,PB,DEPUTADO ESTADUAL,44999,RICARDO BEZERRA,UNIÃO,29/12/1976,46,MASCULINO,ENSINO MÉDIO COMPLETO,CASADO(A),PARDA,EMPRESÁRIO,1270629.01,SUPLENTE,941.0,714500.0,80000.0
150001620814,2022,PB,DEPUTADO ESTADUAL,77004,KELLY BOTAFOGO,SOLIDARIEDADE,08/12/1979,43,FEMININO,ENSINO MÉDIO COMPLETO,SOLTEIRO(A),BRANCA,OUTROS,1270629.01,SUPLENTE,161.0,5920.0,8000.0
150001619559,2022,PB,DEPUTADO ESTADUAL,10234,MARCIO ROBERTO,REPUBLICANOS,21/07/1960,62,MASCULINO,ENSINO MÉDIO COMPLETO,CASADO(A),PARDA,OUTROS,1270629.01,ELEITO POR QP,40909.0,191635.58000000002,
150001603129,2022,PB,DEPUTADO ESTADUAL,44444,TACIANO DINIZ,UNIÃO,01/07/1986,36,MASCULINO,SUPERIOR COMPLETO,CASADO(A),BRANCA,MÉDICO,1270629.01,ELEITO POR QP,33779.0,147520.0,1271411.73
150001643213,2022,PB,DEPUTADO ESTADUAL,13245,FULVYO PENSANDO NOVO,PT,08/06/1984,38,MASCULINO,SUPERIOR COMPLETO,SOLTEIRO(A),PARDA,ENFERMEIRO,1270629.01,SUPLENTE,469.0,16960.0,2000.0
150001718488,2022,PB,DEPUTADO ESTADUAL,36123,KLECIO DAS TRUFAS,AGIR,04/05/1993,29,MASCULINO,ENSINO MÉDIO COMPLETO,SOLTEIRO(A),PARDA,COMERCIANTE,1270629.01,NÃO ELEITO,142.0,1347.25,
150001718085,2022,PB,DEPUTADO ESTADUAL,15102,YZE NOBRE,MDB,19/11/1993,29,FEMININO,ENSINO MÉDIO COMPLETO,SOLTEIRO(A),BRANCA,OUTROS,1270629.01,SUPLENTE,486.0,40016.0,
150001603138,2022,PB,DEPUTADO ESTADUAL,44555,GILBERTINHO,UNIÃO,03/03/1988,34,MASCULINO,SUPERIOR COMPLETO,CASADO(A),BRANCA,ADVOGADO,1270629.01,ELEITO POR QP,21893.0,,200000.0
150001723307,2022,PB,DEPUTADO ESTADUAL,14100,DEDÉ FERREIRA,PTB,05/10/1947,75,MASCULINO,ENSINO MÉDIO COMPLETO,CASADO(A),PARDA,APOSENTADO (EXCETO SERVIDOR PÚBLICO),1270629.01,NÃO ELEITO,141.0,4058.5,3045509.98
150001643184,2022,PB,DEPUTADO ESTADUAL,13613,VERA VERNAIDE,PT,31/03/1972,50,FEMININO,SUPERIOR COMPLETO,CASADO(A),BRANCA,ADVOGADO,1270629.01,SUPLENTE,462.0,40000.0,200000.0
150001620818,2022,PB,DEPUTADO ESTADUAL,77007,GIL BALA,SOLIDARIEDADE,06/11/1990,32,MASCULINO,ENSINO FUNDAMENTAL COMPLETO,SOLTEIRO(A),PRETA,OUTROS,1270629.01,SUPLENTE,348.0,2920.0,317000.0
150001619631,2022,PB,DEPUTADO ESTADUAL,28888,PR ARIMATEIA ALVES,PRTB,11/06/1975,47,MASCULINO,ENSINO MÉDIO COMPLETO,CASADO(A),PARDA,OUTROS,1270629.01,NÃO ELEITO,70.0,720.0,80000.0
150001620836,2022,PB,DEPUTADO ESTADUAL,77111,INALDO ANDRADE,SOLIDARIEDADE,06/04/1982,40,MASCULINO,ENSINO MÉDIO COMPLETO,CASADO(A),BRANCA,EMPRESÁRIO,1270629.01,SUPLENTE,2763.0,7480.0,
150001621588,2022,PB,DEPUTADO ESTADUAL,18018,MARILUZIA,REDE,20/04/1970,52,FEMININO,SUPERIOR COMPLETO,SOLTEIRO(A),PARDA,PROFESSOR DE ENSINO MÉDIO,1270629.01,NÃO ELEITO,106.0,18000.0,70000.0
150001620838,2022,PB,DEPUTADO ESTADUAL,77567,MARI FIDELES,SOLIDARIEDADE,01/11/1984,38,FEMININO,ENSINO MÉDIO INCOMPLETO,SOLTEIRO(A),BRANCA,"VENDEDOR PRACISTA, REPRESENTANTE, CAIXEIRO-VIAJANTE E ASSEMELHADOS",1270629.01,SUPLENTE,24.0,920.0,
150001619566,2022,PB,DEPUTADO ESTADUAL,10888,BRANCO MENDES,REPUBLICANOS,09/05/1956,66,MASCULINO,SUPERIOR COMPLETO,CASADO(A),BRANCA,DEPUTADO,1270629.01,ELEITO POR MÉDIA,31202.0,161612.5,2241774.55
150001718489,2022,PB,DEPUTADO ESTADUAL,36900,PROFESSOR EMERSON JUNIOR,AGIR,21/06/1979,43,MASCULINO,SUPERIOR INCOMPLETO,DIVORCIADO(A),BRANCA,PROFESSOR E INSTRUTOR DE FORMAÇÃO PROFISSIONAL,1270629.01,NÃO ELEITO,232.0,,45900.0
150001718092,2022,PB,DEPUTADO ESTADUAL,15190,SGTO ARAUJO,MDB,25/07/1973,49,MASCULINO,SUPERIOR COMPLETO,CASADO(A),PARDA,POLICIAL MILITAR,1270629.01,SUPLENTE,179.0,,203990.0
150001612063,2022,PB,DEPUTADO ESTADUAL,11007,TARCISIO JARDIM,PP,04/07/1983,39,MASCULINO,SUPERIOR COMPLETO,CASADO(A),BRANCA,VEREADOR,1270629.01,SUPLENTE,12081.0,93450.0,184421.0
150001718090,2022,PB,DEPUTADO ESTADUAL,15007,VALDENIA BEZERRA,MDB,14/03/1979,43,FEMININO,ENSINO MÉDIO COMPLETO,CASADO(A),BRANCA,OUTROS,1270629.01,SUPLENTE,195.0,33000.0,
150001621570,2022,PB,DEPUTADO ESTADUAL,50111,GILSINHO FERREIRA,PSOL,20/04/1991,31,MASCULINO,ENSINO FUNDAMENTAL COMPLETO,DIVORCIADO(A),PARDA,OUTROS,1270629.01,SUPLENTE,607.0,9922.279999999999,65000.0
150001643212,2022,PB,DEPUTADO ESTADUAL,13737,ZÉ PEREIRA ,PT,12/10/1972,50,MASCULINO,ENSINO FUNDAMENTAL COMPLETO,CASADO(A),PRETA,"PORTEIRO DE EDIFÍCIO, ASCENSORISTA, GARAGISTA E ZELADOR",1270629.01,SUPLENTE,269.0,16960.0,128000.0
150001723288,2022,PB,DEPUTADO ESTADUAL,14141,PROFESSOR FERREIRA,PTB,31/05/1954,68,MASCULINO,SUPERIOR COMPLETO,CASADO(A),PRETA,PROFESSOR DE ENSINO SUPERIOR,1270629.01,NÃO ELEITO,46.0,4058.5,233842.0
150001723293,2022,PB,DEPUTADO ESTADUAL,14111,SGT VANDICÉLIA LIMA,PTB,10/10/1967,55,FEMININO,SUPERIOR COMPLETO,DIVORCIADO(A),PARDA,SERVIDOR PÚBLICO ESTADUAL,1270629.01,NÃO ELEITO,98.0,15183.5,440000.0
150001621655,2022,PB,DEPUTADO ESTADUAL,40111,CELIO ALVES,PSB,29/08/1980,42,MASCULINO,SUPERIOR COMPLETO,CASADO(A),BRANCA,JORNALISTA E REDATOR,1270629.01,SUPLENTE,5160.0,114746.26,435000.0
150001621559,2022,PB,DEPUTADO ESTADUAL,18500,SARGENTO WELLINGTON COBRA,REDE,04/01/1982,41,MASCULINO,SUPERIOR COMPLETO,CASADO(A),BRANCA,POLICIAL MILITAR,1270629.01,SUPLENTE,9228.0,250000.0,126472.6
150001643188,2022,PB,DEPUTADO ESTADUAL,65200,ISMAEL CARNEIRO O HOMEM DO PÃO,PC do B,25/06/1964,58,MASCULINO,ENSINO MÉDIO COMPLETO,SOLTEIRO(A),BRANCA,OUTROS,1270629.01,SUPLENTE,124.0,28000.0,
150001614079,2022,PB,DEPUTADO ESTADUAL,44100,GIOVANNA DO PORTAL,UNIÃO,30/03/1988,34,FEMININO,SUPERIOR COMPLETO,SOLTEIRO(A),PARDA,"CORRETOR DE IMÓVEIS, SEGUROS, TÍTULOS E VALORES",1270629.01,SUPLENTE,1321.0,551120.0,
150001619560,2022,PB,DEPUTADO ESTADUAL,10180,MICHELLY CARNEIRO,REPUBLICANOS,03/01/1986,37,FEMININO,ENSINO MÉDIO COMPLETO,SOLTEIRO(A),BRANCA,AGENTE ADMINISTRATIVO,1270629.01,SUPLENTE,1166.0,50000.0,
150001621359,2022,PB,DEPUTADO ESTADUAL,45456,HILDEVANIO MACEDO,PSDB,08/07/1972,50,MASCULINO,SUPERIOR COMPLETO,CASADO(A),PRETA,"ESTUDANTE, BOLSISTA, ESTAGIÁRIO E ASSEMELHADOS",1270629.01,SUPLENTE,996.0,160000.0,40900.0
150001621657,2022,PB,DEPUTADO ESTADUAL,40123,HERVAZIO BEZERRA,PSB,18/09/1955,67,MASCULINO,SUPERIOR COMPLETO,SEPARADO(A) JUDICIALMENTE,BRANCA,DEPUTADO,1270629.01,ELEITO POR MÉDIA,31798.0,279195.1,1391828.1
150001725964,2022,PB,DEPUTADO ESTADUAL,22666,ROSA GUARDA,PL,14/04/1966,56,FEMININO,SUPERIOR INCOMPLETO,CASADO(A),BRANCA,APOSENTADO (EXCETO SERVIDOR PÚBLICO),1270629.01,SUPLENTE,232.0,5000.0,
150001643194,2022,PB,DEPUTADO ESTADUAL,13100,PROFESSOR JANIO PEREIRA,PT,01/03/1960,62,MASCULINO,SUPERIOR COMPLETO,DIVORCIADO(A),PARDA,PROFESSOR DE ENSINO FUNDAMENTAL,1270629.01,SUPLENTE,299.0,16961.0,
150001621371,2022,PB,DEPUTADO ESTADUAL,45222,TENENTE REBECA,PSDB,27/09/1991,31,FEMININO,SUPERIOR COMPLETO,SOLTEIRO(A),PARDA,POLICIAL MILITAR,1270629.01,SUPLENTE,17290.0,460632.37,37000.0
150001718494,2022,PB,DEPUTADO ESTADUAL,36888,MI,AGIR,05/11/1967,55,MASCULINO,ENSINO MÉDIO COMPLETO,CASADO(A),PARDA,EMPRESÁRIO,1270629.01,NÃO ELEITO,145.0,1347.25,900000.0
150001603130,2022,PB,DEPUTADO ESTADUAL,44045,NILSON LACERDA,UNIÃO,03/02/1964,58,MASCULINO,SUPERIOR COMPLETO,CASADO(A),BRANCA,SERVIDOR PÚBLICO ESTADUAL,1270629.01,SUPLENTE,18109.0,318984.4,
150001621577,2022,PB,DEPUTADO ESTADUAL,18123,FÉLIX ARAÚJO,REDE,24/10/1951,71,MASCULINO,SUPERIOR COMPLETO,CASADO(A),BRANCA,ADVOGADO,1270629.01,SUPLENTE,4000.0,147342.0,5450.77
150001621553,2022,PB,DEPUTADO ESTADUAL,50555,EULINA,PSOL,02/08/1967,55,FEMININO,ENSINO FUNDAMENTAL COMPLETO,SOLTEIRO(A),PRETA,OUTROS,1270629.01,SUPLENTE,115.0,23144.47,
150001643203,2022,PB,DEPUTADO ESTADUAL,13777,ABRAAO LEITE,PT,10/07/1965,57,MASCULINO,SUPERIOR COMPLETO,SOLTEIRO(A),BRANCA,EMPRESÁRIO,1270629.01,SUPLENTE,700.0,6000.0,177000.0
150001621372,2022,PB,DEPUTADO ESTADUAL,45845,MARCIA SILVA,PSDB,14/09/1965,57,FEMININO,SUPERIOR COMPLETO,CASADO(A),BRANCA,ASSISTENTE SOCIAL,1270629.01,SUPLENTE,75.0,10000.0,
150001718083,2022,PB,DEPUTADO ESTADUAL,15131,CLAUCIVESSE MEDEIROS,MDB,31/07/1981,41,MASCULINO,ENSINO MÉDIO COMPLETO,CASADO(A),PARDA,AGRICULTOR,1270629.01,SUPLENTE,717.0,,
150001619578,2022,PB,DEPUTADO ESTADUAL,10789,BIANCA FERRAZ,REPUBLICANOS,14/04/1982,40,FEMININO,ENSINO MÉDIO COMPLETO,SOLTEIRO(A),PARDA,OUTROS,1270629.01,SUPLENTE,193.0,36900.0,
150001612053,2022,PB,DEPUTADO ESTADUAL,11444,JAMAICA,PP,17/11/1979,43,MASCULINO,ENSINO MÉDIO COMPLETO,CASADO(A),PRETA,AGRÔNOMO,1270629.01,SUPLENTE,432.0,,
150001619557,2022,PB,DEPUTADO ESTADUAL,10345,WILLIAM VERAS,REPUBLICANOS,29/12/1993,29,MASCULINO,SUPERIOR COMPLETO,SOLTEIRO(A),PARDA,JORNALISTA E REDATOR,1270629.01,SUPLENTE,1225.0,47222.14,
150001621600,2022,PB,DEPUTADO ESTADUAL,27000,HEITOR BRITO,DC,02/08/1990,32,MASCULINO,ENSINO MÉDIO COMPLETO,SOLTEIRO(A),PARDA,ADMINISTRADOR,1270629.01,NÃO ELEITO,373.0,10100.0,81000.0
150001718087,2022,PB,DEPUTADO ESTADUAL,15963,COMENDADOR ROOSEVELT,MDB,14/03/1972,50,MASCULINO,ENSINO MÉDIO COMPLETO,DIVORCIADO(A),PRETA,EMPRESÁRIO,1270629.01,NÃO ELEITO,6.0,,83325475.71
150001619568,2022,PB,DEPUTADO ESTADUAL,10112,DANIELLY SANTOS,REPUBLICANOS,17/12/1986,36,FEMININO,ENSINO MÉDIO COMPLETO,SOLTEIRO(A),PARDA,OUTROS,1270629.01,SUPLENTE,162.0,1870.0,
150001603141,2022,PB,DEPUTADO ESTADUAL,44007,PROFESSOR FILIPE,UNIÃO,04/08/1983,39,MASCULINO,SUPERIOR COMPLETO,SOLTEIRO(A),PARDA,SERVIDOR PÚBLICO FEDERAL,1270629.01,SUPLENTE,233.0,32212.0,741120.6
150001738849,2022,PB,DEPUTADO ESTADUAL,27077,ERICKA SILVA,DC,16/04/1986,36,FEMININO,SUPERIOR COMPLETO,CASADO(A),PARDA,POLICIAL MILITAR,1270629.01,NÃO ELEITO,238.0,7480.0,171000.0
150001718496,2022,PB,DEPUTADO ESTADUAL,36036,PAULO ARAÚJO,AGIR,08/06/1956,66,MASCULINO,ENSINO MÉDIO COMPLETO,CASADO(A),PARDA,APOSENTADO (EXCETO SERVIDOR PÚBLICO),1270629.01,NÃO ELEITO,6.0,,32645.45
150001619624,2022,PB,DEPUTADO ESTADUAL,28115,EDMILSON LIMA A VOZ DO POVO,PRTB,05/02/1976,46,MASCULINO,ENSINO MÉDIO COMPLETO,CASADO(A),PARDA,OUTROS,1270629.01,NÃO ELEITO,484.0,3720.0,130000.0
150001621370,2022,PB,DEPUTADO ESTADUAL,45100,TOVAR,PSDB,06/04/1980,42,MASCULINO,SUPERIOR COMPLETO,CASADO(A),BRANCA,ADMINISTRADOR,1270629.01,ELEITO POR QP,23577.0,87200.0,753251.0
150001612057,2022,PB,DEPUTADO ESTADUAL,11770,ARLISON OLIVEIRA,PP,02/12/1986,36,MASCULINO,ENSINO MÉDIO COMPLETO,CASADO(A),PARDA,EMPRESÁRIO,1270629.01,SUPLENTE,548.0,,
150001620781,2022,PB,DEPUTADO ESTADUAL,55123,COMANDANTE EULLER,PSD,03/10/1966,56,MASCULINO,SUPERIOR COMPLETO,CASADO(A),BRANCA,POLICIAL MILITAR,1270629.01,SUPLENTE,3789.0,105114.0,1694262.43
150001727458,2022,PB,DEPUTADO ESTADUAL,40789,GILMA GERMANO,PSB,04/04/1964,58,FEMININO,SUPERIOR COMPLETO,CASADO(A),BRANCA,APOSENTADO (EXCETO SERVIDOR PÚBLICO),1270629.01,SUPLENTE,26023.0,539024.0,449856.26
150001621360,2022,PB,DEPUTADO ESTADUAL,45111,CLEODÉ,PSDB,29/06/1974,48,MASCULINO,ENSINO MÉDIO INCOMPLETO,CASADO(A),PARDA,OUTROS,1270629.01,SUPLENTE,2494.0,70000.0,
150001619622,2022,PB,DEPUTADO ESTADUAL,28222,PR SANDRO GOUVEIA,PRTB,04/12/1975,47,MASCULINO,ENSINO MÉDIO COMPLETO,CASADO(A),PARDA,OUTROS,1270629.01,NÃO ELEITO,253.0,3720.0,
150001603122,2022,PB,DEPUTADO ESTADUAL,44123,GEORGE MORAIS,UNIÃO,27/01/1981,42,MASCULINO,SUPERIOR COMPLETO,DIVORCIADO(A),BRANCA,ADVOGADO,1270629.01,ELEITO POR QP,26733.0,179000.0,1598762.03
150001603127,2022,PB,DEPUTADO ESTADUAL,44666,PIKENETE,UNIÃO,13/06/1984,38,MASCULINO,ENSINO MÉDIO COMPLETO,SOLTEIRO(A),BRANCA,OUTROS,1270629.01,SUPLENTE,131.0,30000.0,
150001612061,2022,PB,DEPUTADO ESTADUAL,11777,VIRGINIA,PP,02/03/1978,44,FEMININO,SUPERIOR COMPLETO,CASADO(A),BRANCA,PEDAGOGO,1270629.01,SUPLENTE,2657.0,40000.0,
150001612059,2022,PB,DEPUTADO ESTADUAL,11333,ARON ANDRADE,PP,29/07/1974,48,MASCULINO,ENSINO MÉDIO COMPLETO,CASADO(A),BRANCA,EMPRESÁRIO,1270629.01,SUPLENTE,9859.0,400798.55,1177756.23
150001718367,2022,PB,DEPUTADO ESTADUAL,35778,DENISE SILVA,PMB,06/07/1983,39,FEMININO,SUPERIOR COMPLETO,SOLTEIRO(A),BRANCA,OUTROS,1270629.01,NÃO ELEITO,3.0,,
150001621565,2022,PB,DEPUTADO ESTADUAL,50222,CLEYTON FERRER,PSOL,02/10/1978,44,MASCULINO,SUPERIOR COMPLETO,SOLTEIRO(A),PARDA,OUTROS,1270629.01,SUPLENTE,264.0,9922.279999999999,120000.0
150001718222,2022,PB,DEPUTADO ESTADUAL,22322,MARIA DE FATIMA,PL,20/08/1973,49,FEMININO,SUPERIOR COMPLETO,SOLTEIRO(A),PRETA,EMPRESÁRIO,1270629.01,SUPLENTE,22.0,,40000.0
150001718195,2022,PB,DEPUTADO ESTADUAL,22222,CAIO ROBERTO,PL,15/05/1985,37,MASCULINO,SUPERIOR COMPLETO,DIVORCIADO(A),PARDA,DEPUTADO,1270629.01,ELEITO POR QP,36809.0,200000.0,3406583.09
150001718364,2022,PB,DEPUTADO ESTADUAL,35007,ROBERTO TUAREGS,PMB,12/12/1953,69,MASCULINO,ENSINO FUNDAMENTAL COMPLETO,CASADO(A),BRANCA,MÚSICO,1270629.01,#NULO#,,,
150001718493,2022,PB,DEPUTADO ESTADUAL,36202,JOSY,AGIR,08/01/1977,46,FEMININO,ENSINO MÉDIO COMPLETO,CASADO(A),PARDA,EMPRESÁRIO,1270629.01,NÃO ELEITO,57.0,1347.25,
150001718099,2022,PB,DEPUTADO ESTADUAL,15166,GEORGE FELIX,MDB,13/08/1943,79,MASCULINO,ENSINO FUNDAMENTAL COMPLETO,CASADO(A),PARDA,OUTROS,1270629.01,SUPLENTE,50.0,,210000.0
150001718224,2022,PB,DEPUTADO ESTADUAL,22223,GILSON DE ARARUNA,PL,18/06/1979,43,MASCULINO,SUPERIOR INCOMPLETO,SOLTEIRO(A),PRETA,TÉCNICO DE ENFERMAGEM E ASSEMELHADOS (EXCETO ENFERMEIRO),1270629.01,NÃO ELEITO,209.0,,
150001621358,2022,PB,DEPUTADO ESTADUAL,45550,SUZAN,PSDB,18/08/1980,42,FEMININO,SUPERIOR INCOMPLETO,SOLTEIRO(A),AMARELA,OUTROS,1270629.01,SUPLENTE,45.0,10000.0,
150001621578,2022,PB,DEPUTADO ESTADUAL,18789,CHIÓ,REDE,12/01/1977,46,MASCULINO,ENSINO MÉDIO COMPLETO,CASADO(A),PARDA,DEPUTADO,1270629.01,ELEITO POR QP,28569.0,470310.5,196687.72
150001718385,2022,PB,DEPUTADO ESTADUAL,35700,PEDRO COUTINHO GUERRA,PMB,21/04/1976,46,MASCULINO,SUPERIOR COMPLETO,CASADO(A),BRANCA,EMPRESÁRIO,1270629.01,#NULO#,,,2950000.0
150001619626,2022,PB,DEPUTADO ESTADUAL,28122,WALKIRIA ROCHA ,PRTB,21/09/1971,51,FEMININO,SUPERIOR COMPLETO,CASADO(A),BRANCA,EMPRESÁRIO,1270629.01,NÃO ELEITO,1656.0,18993.0,706454.9500000001
150001621662,2022,PB,DEPUTADO ESTADUAL,40040,CRIS FURTADO,PSB,03/11/1968,54,FEMININO,SUPERIOR COMPLETO,CASADO(A),BRANCA,SERVIDOR PÚBLICO FEDERAL,1270629.01,SUPLENTE,6304.0,122446.76000000001,393594.85
150001621595,2022,PB,DEPUTADO ESTADUAL,27222,WALTER BRITO,DC,03/08/1960,62,MASCULINO,SUPERIOR INCOMPLETO,CASADO(A),BRANCA,EMPRESÁRIO,1270629.01,NÃO ELEITO,557.0,20816.0,1540000.0
150001718391,2022,PB,DEPUTADO ESTADUAL,35356,DEYVSON HUMBERTO,PMB,04/01/1994,29,MASCULINO,SUPERIOR COMPLETO,SOLTEIRO(A),PARDA,ADVOGADO,1270629.01,#NULO#,,,60000.0
150001643195,2022,PB,DEPUTADO ESTADUAL,13005,VALDO NÓBREGA,PT,20/06/1983,39,MASCULINO,SUPERIOR COMPLETO,CASADO(A),BRANCA,PROFESSOR DE ENSINO SUPERIOR,1270629.01,SUPLENTE,271.0,8889.0,597418.06
150001620813,2022,PB,DEPUTADO ESTADUAL,77001,FÁBIO DA GADI,SOLIDARIEDADE,26/07/1974,48,MASCULINO,SUPERIOR COMPLETO,SOLTEIRO(A),PARDA,EMPRESÁRIO,1270629.01,SUPLENTE,332.0,920.0,
150001718415,2022,PB,DEPUTADO ESTADUAL,35999,ERICK CARVALHO,PMB,07/12/1991,31,MASCULINO,ENSINO MÉDIO COMPLETO,SOLTEIRO(A),PARDA,AGENCIADOR DE PROPAGANDA,1270629.01,NÃO ELEITO,80.0,,
150001718210,2022,PB,DEPUTADO ESTADUAL,22017,PROFESSOR BEETHOVEN,PL,19/12/1976,46,MASCULINO,SUPERIOR COMPLETO,CASADO(A),BRANCA,PROFESSOR DE ENSINO MÉDIO,1270629.01,SUPLENTE,1570.0,15000.0,600000.0
150001621583,2022,PB,DEPUTADO ESTADUAL,18111,PROFESSOR FRANCISCO,REDE,01/03/1965,57,MASCULINO,SUPERIOR COMPLETO,SOLTEIRO(A),PARDA,PROFESSOR DE ENSINO SUPERIOR,1270629.01,SUPLENTE,5098.0,55390.0,
150001723306,2022,PB,DEPUTADO ESTADUAL,14022,ANTONIO PETRONILO,PTB,26/06/1962,60,MASCULINO,SUPERIOR COMPLETO,CASADO(A),BRANCA,EMPRESÁRIO,1270629.01,NÃO ELEITO,46.0,4058.5,
150001621672,2022,PB,DEPUTADO ESTADUAL,40777,JUNIOR ARAUJO,PSB,26/03/1981,41,MASCULINO,SUPERIOR COMPLETO,CASADO(A),PARDA,DEPUTADO,1270629.01,ELEITO POR QP,41800.0,45032.0,1660461.64
150001621383,2022,PB,DEPUTADO ESTADUAL,45321,NICOLE D LAMARCK,PSDB,27/06/1984,38,FEMININO,SUPERIOR INCOMPLETO,SOLTEIRO(A),PRETA,"TRADUTOR, INTÉRPRETE E FILÓLOGO",1270629.01,SUPLENTE,360.0,41000.0,
150001718033,2022,PB,DEPUTADO ESTADUAL,12345,JOAQUIM MORAIS,PDT,04/02/1984,38,MASCULINO,ENSINO MÉDIO COMPLETO,SOLTEIRO(A),PARDA,SERVIDOR PÚBLICO MUNICIPAL,1270629.01,NÃO ELEITO,1595.0,27666.67,
150001621580,2022,PB,DEPUTADO ESTADUAL,18800,CICERO SIMPLICIO,REDE,15/04/1971,51,MASCULINO,ENSINO FUNDAMENTAL COMPLETO,DIVORCIADO(A),BRANCA,VENDEDOR DE COMÉRCIO VAREJISTA E ATACADISTA,1270629.01,SUPLENTE,215.0,13600.0,132500.0
150001718114,2022,PB,DEPUTADO ESTADUAL,15666,LENA DO PARAIBA,MDB,09/02/1984,38,FEMININO,ENSINO MÉDIO COMPLETO,SOLTEIRO(A),PARDA,OUTROS,1270629.01,SUPLENTE,430.0,20000.0,
150001621591,2022,PB,DEPUTADO ESTADUAL,27555,CLAUDIA FARIAS,DC,10/05/1977,45,FEMININO,SUPERIOR COMPLETO,SOLTEIRO(A),BRANCA,CONTADOR,1270629.01,NÃO ELEITO,44.0,10000.0,160000.0
150001621601,2022,PB,DEPUTADO ESTADUAL,27111,AILTON VIRIATO,DC,11/10/1973,49,MASCULINO,SUPERIOR COMPLETO,SOLTEIRO(A),BRANCA,COMERCIANTE,1270629.01,NÃO ELEITO,242.0,13144.58,98000.0
150001621654,2022,PB,DEPUTADO ESTADUAL,40229,GUSTAVO DE SOUZA,PSB,09/06/1995,27,MASCULINO,SUPERIOR COMPLETO,SOLTEIRO(A),PRETA,PSICÓLOGO,1270629.01,SUPLENTE,2250.0,22058.25,
150001612064,2022,PB,DEPUTADO ESTADUAL,11666,DR. PAULA ,PP,29/01/1950,73,FEMININO,SUPERIOR COMPLETO,CASADO(A),BRANCA,MÉDICO,1270629.01,ELEITO POR QP,38799.0,465714.75,488878.87
150001643193,2022,PB,DEPUTADO ESTADUAL,13001,GUSTAVO ATS,PT,21/04/1986,36,MASCULINO,SUPERIOR INCOMPLETO,DIVORCIADO(A),PARDA,TÉCNICO EM INFORMÁTICA,1270629.01,SUPLENTE,158.0,24150.0,30000.0
150001718209,2022,PB,DEPUTADO ESTADUAL,22000,PROFESSORA LEILA FONSECA,PL,07/04/1975,47,FEMININO,SUPERIOR COMPLETO,CASADO(A),BRANCA,PROFESSOR DE ENSINO SUPERIOR,1270629.01,SUPLENTE,8689.0,41500.0,204137.0
150001619630,2022,PB,DEPUTADO ESTADUAL,28123,PR JUNIOR MAIA,PRTB,17/10/1983,39,MASCULINO,SUPERIOR INCOMPLETO,CASADO(A),BRANCA,OUTROS,1270629.01,NÃO ELEITO,217.0,2720.0,
150001718086,2022,PB,DEPUTADO ESTADUAL,15117,MARI SILVA,MDB,15/08/1974,48,FEMININO,ENSINO MÉDIO COMPLETO,SOLTEIRO(A),PARDA,OUTROS,1270629.01,SUPLENTE,53.0,25000.0,
150001737756,2022,PB,DEPUTADO ESTADUAL,35330,THYAGO FARIAS,PMB,11/12/1978,44,MASCULINO,ENSINO MÉDIO COMPLETO,CASADO(A),PRETA,GUIA DE TURISMO,1270629.01,NÃO ELEITO,20.0,,
150001621607,2022,PB,DEPUTADO ESTADUAL,27456,JOÃO DA PENHA,DC,19/06/1958,64,MASCULINO,ENSINO MÉDIO COMPLETO,CASADO(A),PRETA,OUTROS,1270629.01,NÃO ELEITO,96.0,10100.0,
150001620784,2022,PB,DEPUTADO ESTADUAL,55678,ISLÁ,PSD,27/05/1992,30,FEMININO,ENSINO MÉDIO COMPLETO,DIVORCIADO(A),BRANCA,CABELEIREIRO E BARBEIRO,1270629.01,NÃO ELEITO,22.0,,109000.0
150001620815,2022,PB,DEPUTADO ESTADUAL,77333,JÁFIA NASCIMENTO,SOLIDARIEDADE,27/11/1966,56,FEMININO,ENSINO MÉDIO COMPLETO,DIVORCIADO(A),PRETA,EMPRESÁRIO,1270629.01,SUPLENTE,264.0,2920.0,
150001619573,2022,PB,DEPUTADO ESTADUAL,10555,ALEXANDRE DE ZEZÉ,REPUBLICANOS,08/03/1991,31,MASCULINO,SUPERIOR COMPLETO,SOLTEIRO(A),PARDA,EMPRESÁRIO,1270629.01,SUPLENTE,18582.0,286953.39,152762.74
150001718104,2022,PB,DEPUTADO ESTADUAL,15777,SHÂMARA,MDB,15/06/1977,45,FEMININO,SUPERIOR COMPLETO,DIVORCIADO(A),BRANCA,PSICÓLOGO,1270629.01,SUPLENTE,3182.0,55260.0,10690.91
150001621355,2022,PB,DEPUTADO ESTADUAL,45123,CAMILA TOSCANO,PSDB,15/10/1980,42,FEMININO,SUPERIOR COMPLETO,DIVORCIADO(A),BRANCA,DEPUTADO,1270629.01,ELEITO POR QP,32586.0,677234.03,5261525.55
150001643199,2022,PB,DEPUTADO ESTADUAL,13013,EVANDRO JULIO ENFERMEIRO,PT,08/04/1978,44,MASCULINO,SUPERIOR COMPLETO,SOLTEIRO(A),PARDA,ENFERMEIRO,1270629.01,SUPLENTE,884.0,16960.0,690000.0
150001621611,2022,PB,DEPUTADO ESTADUAL,27258,ROSELI DA SAÚDE,DC,17/03/1984,38,FEMININO,SUPERIOR COMPLETO,SOLTEIRO(A),PRETA,TÉCNICO DE ENFERMAGEM E ASSEMELHADOS (EXCETO ENFERMEIRO),1270629.01,NÃO ELEITO,6.0,7480.0,12000.0
150001718504,2022,PB,DEPUTADO ESTADUAL,36233,ANA CRISTINA,AGIR,18/11/1981,41,FEMININO,SUPERIOR INCOMPLETO,CASADO(A),PARDA,"ESTUDANTE, BOLSISTA, ESTAGIÁRIO E ASSEMELHADOS",1270629.01,NÃO ELEITO,387.0,1347.25,
150001641284,2022,PB,DEPUTADO ESTADUAL,55176,DJAYNE CARVALHO,PSD,19/03/1978,44,FEMININO,ENSINO MÉDIO COMPLETO,CASADO(A),PARDA,POLICIAL MILITAR,1270629.01,SUPLENTE,1642.0,78873.59,225000.0
150001603136,2022,PB,DEPUTADO ESTADUAL,44777,DR. ALEDSON MOURA,UNIÃO,05/03/1974,48,MASCULINO,SUPERIOR COMPLETO,CASADO(A),BRANCA,MÉDICO,1270629.01,SUPLENTE,14261.0,176600.0,700000.0
150001621564,2022,PB,DEPUTADO ESTADUAL,18008,JÚNIOR HOLMES,REDE,24/02/1976,46,MASCULINO,ENSINO MÉDIO COMPLETO,DIVORCIADO(A),PARDA,OUTROS,1270629.01,SUPLENTE,447.0,52415.0,
150001723304,2022,PB,DEPUTADO ESTADUAL,14555,JÚNIOR GUEDES,PTB,20/06/1980,42,MASCULINO,ENSINO MÉDIO COMPLETO,SOLTEIRO(A),PARDA,MOTORISTA DE VEÍCULOS DE TRANSPORTE COLETIVO DE PASSAGEIROS,1270629.01,NÃO ELEITO,435.0,4058.5,96500.0
150001718408,2022,PB,DEPUTADO ESTADUAL,35555,MARQUINHOS DO PEDREGAL,PMB,29/10/1982,40,MASCULINO,ENSINO MÉDIO COMPLETO,DIVORCIADO(A),PRETA,COMERCIÁRIO,1270629.01,#NULO#,,,
150001737754,2022,PB,DEPUTADO ESTADUAL,35800,VALMIR DA LINGERIER,PMB,23/04/1961,61,MASCULINO,ENSINO MÉDIO COMPLETO,DIVORCIADO(A),PRETA,COMERCIANTE,1270629.01,NÃO ELEITO,,,
150001621586,2022,PB,DEPUTADO ESTADUAL,18555,JACIARA XAVIER,REDE,24/05/1988,34,FEMININO,SUPERIOR INCOMPLETO,SOLTEIRO(A),PRETA,ARTISTA PLÁSTICO E ASSEMELHADOS,1270629.01,SUPLENTE,416.0,51166.0,
150001603143,2022,PB,DEPUTADO ESTADUAL,44800,PEDRITO,UNIÃO,28/08/1976,46,MASCULINO,SUPERIOR COMPLETO,CASADO(A),PARDA,SERVIDOR PÚBLICO MUNICIPAL,1270629.01,SUPLENTE,16198.0,144000.0,
150001612054,2022,PB,DEPUTADO ESTADUAL,11123,LINDOLFO PIRES,PP,24/06/1963,59,MASCULINO,SUPERIOR COMPLETO,CASADO(A),BRANCA,ENGENHEIRO,1270629.01,SUPLENTE,29162.0,400000.0,1876144.6500000001
150001621562,2022,PB,DEPUTADO ESTADUAL,18192,FABIO PETTERSON,REDE,13/06/1979,43,MASCULINO,SUPERIOR COMPLETO,CASADO(A),PARDA,ENFERMEIRO,1270629.01,SUPLENTE,2896.0,28965.0,229000.0
150001603150,2022,PB,DEPUTADO ESTADUAL,44567,JEFFERSON BARROS,UNIÃO,26/11/1974,48,MASCULINO,SUPERIOR INCOMPLETO,DIVORCIADO(A),PARDA,"CORRETOR DE IMÓVEIS, SEGUROS, TÍTULOS E VALORES",1270629.01,SUPLENTE,111.0,30000.0,
150001725963,2022,PB,DEPUTADO ESTADUAL,22400,ENGENHEIRO JOAB,PL,08/06/1960,62,MASCULINO,SUPERIOR COMPLETO,SOLTEIRO(A),BRANCA,OUTROS,1270629.01,SUPLENTE,139.0,,
150001718103,2022,PB,DEPUTADO ESTADUAL,15000,RODOLFO RODRIGUES,MDB,13/06/1975,47,MASCULINO,SUPERIOR COMPLETO,CASADO(A),BRANCA,COMERCIANTE,1270629.01,NÃO ELEITO,136.0,,
150001619634,2022,PB,DEPUTADO ESTADUAL,28111,DRA CAROLINA,PRTB,12/03/1980,42,FEMININO,SUPERIOR COMPLETO,DIVORCIADO(A),PARDA,MÉDICO,1270629.01,NÃO ELEITO,498.0,2470.0,815000.0
150001621606,2022,PB,DEPUTADO ESTADUAL,27007,JOANA D ARC,DC,13/09/1980,42,FEMININO,ENSINO FUNDAMENTAL INCOMPLETO,SOLTEIRO(A),BRANCA,AGRICULTOR,1270629.01,NÃO ELEITO,129.0,10000.0,80000.0
150001737753,2022,PB,DEPUTADO ESTADUAL,35700,PEDRO COUTINHO GUERRA,PMB,21/04/1976,46,MASCULINO,SUPERIOR COMPLETO,CASADO(A),BRANCA,EMPRESÁRIO,1270629.01,NÃO ELEITO,3.0,,2950000.0
150001718381,2022,PB,DEPUTADO ESTADUAL,35350,SILVANA ESTEDILE,PMB,16/04/1977,45,FEMININO,SUPERIOR COMPLETO,SOLTEIRO(A),BRANCA,OUTROS,1270629.01,NÃO ELEITO,1.0,,85079.07
150001620790,2022,PB,DEPUTADO ESTADUAL,55999,FELIPE LEITÃO,PSD,28/07/1983,39,MASCULINO,SUPERIOR COMPLETO,CASADO(A),PARDA,EMPRESÁRIO,1270629.01,ELEITO POR QP,48277.0,177300.0,947989.37
150001620840,2022,PB,DEPUTADO ESTADUAL,77122,GERALDO GARÇOM,SOLIDARIEDADE,12/05/1975,47,MASCULINO,ENSINO FUNDAMENTAL INCOMPLETO,CASADO(A),PARDA,GARÇOM,1270629.01,SUPLENTE,167.0,1920.0,
150001615482,2022,PB,DEPUTADO ESTADUAL,90000,RAPHAELLE OLIVEIRA,PROS,18/05/1989,33,FEMININO,SUPERIOR COMPLETO,CASADO(A),PARDA,FARMACÊUTICO,1270629.01,NÃO ELEITO,22.0,,213476.07
150001718096,2022,PB,DEPUTADO ESTADUAL,15123,ANA CLAUDIA VITAL,MDB,01/09/1972,50,FEMININO,SUPERIOR COMPLETO,CASADO(A),BRANCA,ADVOGADO,1270629.01,SUPLENTE,17312.0,140000.0,6545126.29
150001621609,2022,PB,DEPUTADO ESTADUAL,27015,DUDU FARIAS,DC,15/06/1982,40,MASCULINO,ENSINO MÉDIO COMPLETO,CASADO(A),PARDA,COMERCIANTE,1270629.01,NÃO ELEITO,207.0,10100.0,21000.0
150001718377,2022,PB,DEPUTADO ESTADUAL,35113,SILVIO RADIALISTA,PMB,25/04/1979,43,MASCULINO,SUPERIOR COMPLETO,CASADO(A),PARDA,JORNALISTA E REDATOR,1270629.01,NÃO ELEITO,,,
150001619561,2022,PB,DEPUTADO ESTADUAL,10100,MERINHA DA CASA DE APOIO,REPUBLICANOS,31/12/1966,56,FEMININO,ENSINO MÉDIO COMPLETO,SOLTEIRO(A),PARDA,EMPRESÁRIO,1270629.01,SUPLENTE,348.0,47218.64,
150001718498,2022,PB,DEPUTADO ESTADUAL,36111,TCHARLES DO FORRÓ,AGIR,30/06/1976,46,MASCULINO,ENSINO MÉDIO INCOMPLETO,SOLTEIRO(A),PRETA,OUTROS,1270629.01,NÃO ELEITO,341.0,1347.25,
150001621381,2022,PB,DEPUTADO ESTADUAL,45666,BRUNO LINHARES,PSDB,05/11/1988,34,MASCULINO,SUPERIOR COMPLETO,CASADO(A),PARDA,PUBLICITÁRIO,1270629.01,SUPLENTE,1246.0,170000.0,287000.0
150001621602,2022,PB,DEPUTADO ESTADUAL,27999,KAYSA MARA,DC,24/12/1976,46,FEMININO,SUPERIOR INCOMPLETO,DIVORCIADO(A),BRANCA,COMERCIANTE,1270629.01,NÃO ELEITO,215.0,10000.0,
150001621592,2022,PB,DEPUTADO ESTADUAL,27333,PR SAMUEL CUNHA,DC,19/02/1971,51,MASCULINO,SUPERIOR COMPLETO,CASADO(A),BRANCA,CONTADOR,1270629.01,NÃO ELEITO,66.0,5220.0,243000.0
150001620809,2022,PB,DEPUTADO ESTADUAL,77241,MEU BICHINHO,SOLIDARIEDADE,02/02/1982,40,MASCULINO,SUPERIOR COMPLETO,CASADO(A),PRETA,"VENDEDOR PRACISTA, REPRESENTANTE, CAIXEIRO-VIAJANTE E ASSEMELHADOS",1270629.01,SUPLENTE,340.0,1920.0,200000.0
150001603133,2022,PB,DEPUTADO ESTADUAL,44244,ROBSON TENENTE,UNIÃO,10/03/1988,34,MASCULINO,ENSINO MÉDIO COMPLETO,CASADO(A),PARDA,REPRESENTANTE COMERCIAL,1270629.01,SUPLENTE,823.0,68650.0,
150001620821,2022,PB,DEPUTADO ESTADUAL,77666,DR. PAMELLA GOMES,SOLIDARIEDADE,14/09/1992,30,FEMININO,SUPERIOR COMPLETO,SOLTEIRO(A),BRANCA,ADVOGADO,1270629.01,SUPLENTE,512.0,8480.0,
150001621579,2022,PB,DEPUTADO ESTADUAL,18222,JOALLISON SANTOS,REDE,22/06/1983,39,MASCULINO,ENSINO FUNDAMENTAL COMPLETO,SOLTEIRO(A),PARDA,OUTROS,1270629.01,SUPLENTE,2325.0,12000.0,
150001718208,2022,PB,DEPUTADO ESTADUAL,22022,MICHELLE AMORIM,PL,25/09/1978,44,FEMININO,SUPERIOR COMPLETO,SOLTEIRO(A),BRANCA,POLICIAL MILITAR,1270629.01,SUPLENTE,307.0,,
150001603147,2022,PB,DEPUTADO ESTADUAL,44147,BEL SOLDADO,UNIÃO,05/06/1961,61,MASCULINO,ENSINO FUNDAMENTAL COMPLETO,DIVORCIADO(A),PARDA,VEREADOR,1270629.01,NÃO ELEITO,3.0,,300000.0
150001621581,2022,PB,DEPUTADO ESTADUAL,18100,SOCORRO ABRANTES,REDE,30/04/1959,63,FEMININO,SUPERIOR COMPLETO,DIVORCIADO(A),PARDA,PSICÓLOGO,1270629.01,SUPLENTE,194.0,22532.0,
150001718406,2022,PB,DEPUTADO ESTADUAL,35622,ADALCINA LEITE,PMB,15/01/1955,68,FEMININO,SUPERIOR COMPLETO,DIVORCIADO(A),BRANCA,ADVOGADO,1270629.01,NÃO ELEITO,64.0,,
150001621357,2022,PB,DEPUTADO ESTADUAL,45678,MANOEL LUDGERIO,PSDB,23/10/1967,55,MASCULINO,SUPERIOR COMPLETO,CASADO(A),PARDA,DEPUTADO,1270629.01,SUPLENTE,23492.0,74950.0,1342156.77
150001718389,2022,PB,DEPUTADO ESTADUAL,35222,NÔ PICANHA,PMB,14/11/1969,53,MASCULINO,ENSINO FUNDAMENTAL INCOMPLETO,DIVORCIADO(A),PRETA,GERENTE,1270629.01,#NULO#,,,
150001621561,2022,PB,DEPUTADO ESTADUAL,18888,JÚNIOR FÉLIX,REDE,31/03/1975,47,MASCULINO,ENSINO MÉDIO COMPLETO,CASADO(A),PARDA,REPRESENTANTE COMERCIAL,1270629.01,SUPLENTE,846.0,41431.0,382000.0
150001620829,2022,PB,DEPUTADO ESTADUAL,77999,DODINHA,SOLIDARIEDADE,08/10/1982,40,MASCULINO,ENSINO MÉDIO INCOMPLETO,CASADO(A),BRANCA,EMPRESÁRIO,1270629.01,SUPLENTE,269.0,920.0,120000.0
150001620787,2022,PB,DEPUTADO ESTADUAL,55111,HUGO CRUZ GUINÉ,PSD,10/03/1977,45,MASCULINO,ENSINO FUNDAMENTAL INCOMPLETO,CASADO(A),PARDA,COMUNICÓLOGO,1270629.01,SUPLENTE,233.0,30000.0,
150001621369,2022,PB,DEPUTADO ESTADUAL,45045,HUMBERTO PONTES,PSDB,26/03/1965,57,MASCULINO,SUPERIOR COMPLETO,CASADO(A),BRANCA,POLICIAL CIVIL,1270629.01,SUPLENTE,2484.0,193590.0,767.94
150001619571,2022,PB,DEPUTADO ESTADUAL,10101,DELEGADO FRANCISCO AZEVEDO,REPUBLICANOS,19/09/1978,44,MASCULINO,SUPERIOR COMPLETO,DIVORCIADO(A),BRANCA,POLICIAL CIVIL,1270629.01,SUPLENTE,852.0,54600.0,695821.5499999999
150001621576,2022,PB,DEPUTADO ESTADUAL,18880,ANDREA MARQUES,REDE,26/03/1979,43,FEMININO,SUPERIOR COMPLETO,CASADO(A),PARDA,ADMINISTRADOR,1270629.01,SUPLENTE,293.0,22000.0,
150001619572,2022,PB,DEPUTADO ESTADUAL,10777,BOSCO CARNEIRO,REPUBLICANOS,11/11/1966,56,MASCULINO,SUPERIOR COMPLETO,VIÚVO(A),BRANCA,DEPUTADO,1270629.01,SUPLENTE,21066.0,346400.0,1172843.26
150001718082,2022,PB,DEPUTADO ESTADUAL,15210,PRETINHA DO POVO,MDB,03/11/1984,38,FEMININO,ENSINO MÉDIO COMPLETO,SOLTEIRO(A),PARDA,"ESTUDANTE, BOLSISTA, ESTAGIÁRIO E ASSEMELHADOS",1270629.01,SUPLENTE,98.0,30000.0,
150001718107,2022,PB,DEPUTADO ESTADUAL,15211,BERTRAND,MDB,29/10/1959,63,MASCULINO,SUPERIOR COMPLETO,CASADO(A),PARDA,OUTROS,1270629.01,SUPLENTE,227.0,,
150001718376,2022,PB,DEPUTADO ESTADUAL,35800,VALMIR DA LINGERIER,PMB,23/04/1961,61,MASCULINO,ENSINO MÉDIO COMPLETO,DIVORCIADO(A),PRETA,COMERCIANTE,1270629.01,#NULO#,,,
150001718113,2022,PB,DEPUTADO ESTADUAL,15159,ANTONIO DE SEVERO,MDB,03/07/1970,52,MASCULINO,ENSINO FUNDAMENTAL INCOMPLETO,CASADO(A),PRETA,CABELEIREIRO E BARBEIRO,1270629.01,NÃO ELEITO,,,
150001620837,2022,PB,DEPUTADO ESTADUAL,77700,CARLINHOS DO BAYEUX JOVEM,SOLIDARIEDADE,31/05/1972,50,MASCULINO,ENSINO MÉDIO COMPLETO,DIVORCIADO(A),BRANCA,COMERCIANTE,1270629.01,SUPLENTE,370.0,1920.0,
150001723305,2022,PB,DEPUTADO ESTADUAL,14001,ANNA FERNANDES,PTB,28/03/1993,29,FEMININO,SUPERIOR COMPLETO,CASADO(A),BRANCA,ADVOGADO,1270629.01,NÃO ELEITO,181.0,4058.5,115300.0
150001643183,2022,PB,DEPUTADO ESTADUAL,13111,PROFESSORA ANA CÉLIA,PT,18/04/1961,61,FEMININO,SUPERIOR COMPLETO,CASADO(A),BRANCA,PROFESSOR DE ENSINO SUPERIOR,1270629.01,SUPLENTE,1684.0,52525.0,78657.79000000001
150001643202,2022,PB,DEPUTADO ESTADUAL,13123,PROFESSORA JUSSARA,PT,20/01/1969,54,FEMININO,ENSINO MÉDIO COMPLETO,SOLTEIRO(A),PRETA,PROFESSOR DE ENSINO FUNDAMENTAL,1270629.01,SUPLENTE,733.0,60000.0,
150001603123,2022,PB,DEPUTADO ESTADUAL,44771,BÁRBARA BARROS,UNIÃO,25/11/1983,39,FEMININO,SUPERIOR INCOMPLETO,SOLTEIRO(A),PARDA,EMPRESÁRIO,1270629.01,SUPLENTE,1975.0,500000.0,
150001619633,2022,PB,DEPUTADO ESTADUAL,28333,FRANCINALDO CAMINHONEIRO,PRTB,21/05/1971,51,MASCULINO,ENSINO FUNDAMENTAL COMPLETO,VIÚVO(A),PARDA,OUTROS,1270629.01,NÃO ELEITO,227.0,,130000.0
150001621362,2022,PB,DEPUTADO ESTADUAL,45196,CLAUDIA SÁ,PSDB,04/02/1970,52,FEMININO,ENSINO FUNDAMENTAL INCOMPLETO,VIÚVO(A),PARDA,ALFAIATE E COSTUREIRO,1270629.01,SUPLENTE,104.0,25000.0,
150001718418,2022,PB,DEPUTADO ESTADUAL,35322,NIVALDA CORRETORA,PMB,01/12/1969,53,FEMININO,SUPERIOR COMPLETO,CASADO(A),BRANCA,"CORRETOR DE IMÓVEIS, SEGUROS, TÍTULOS E VALORES",1270629.01,NÃO ELEITO,35.0,,
150001737761,2022,PB,DEPUTADO ESTADUAL,35022,CABO SILVA FERREIRA,PMB,26/05/1991,31,MASCULINO,ENSINO MÉDIO COMPLETO,SOLTEIRO(A),PRETA,OUTROS,1270629.01,NÃO ELEITO,159.0,,
150001718365,2022,PB,DEPUTADO ESTADUAL,35011,DR. BIRA,PMB,26/02/1987,35,MASCULINO,SUPERIOR COMPLETO,CASADO(A),BRANCA,ADVOGADO,1270629.01,#NULO#,,,66000.0
150001621379,2022,PB,DEPUTADO ESTADUAL,45455,BEKA MORAIS,PSDB,31/03/2000,22,FEMININO,SUPERIOR INCOMPLETO,SOLTEIRO(A),PARDA,"ESTUDANTE, BOLSISTA, ESTAGIÁRIO E ASSEMELHADOS",1270629.01,SUPLENTE,2003.0,72947.96,
150001621386,2022,PB,DEPUTADO ESTADUAL,45645,JANDERSON BRITO,PSDB,06/04/1987,35,MASCULINO,SUPERIOR INCOMPLETO,CASADO(A),BRANCA,VEREADOR,1270629.01,SUPLENTE,919.0,110000.0,
150001621364,2022,PB,DEPUTADO ESTADUAL,45233,SANDRA RODRIGUES,PSDB,28/07/1978,44,FEMININO,SUPERIOR COMPLETO,SOLTEIRO(A),PRETA,TÉCNICO EM INFORMÁTICA,1270629.01,SUPLENTE,336.0,25400.0,130000.0
150001723291,2022,PB,DEPUTADO ESTADUAL,14147,AGUINALDO BORGES,PTB,12/02/1957,65,MASCULINO,ENSINO MÉDIO COMPLETO,CASADO(A),PARDA,COMERCIANTE,1270629.01,NÃO ELEITO,383.0,4058.5,
150001621574,2022,PB,DEPUTADO ESTADUAL,18456,DENINHO GARI,REDE,08/07/1987,35,MASCULINO,SUPERIOR COMPLETO,CASADO(A),PARDA,GARI OU LIXEIRO,1270629.01,SUPLENTE,1773.0,37926.0,4000.0
150001619562,2022,PB,DEPUTADO ESTADUAL,10222,SILVIA BENJAMIN,REPUBLICANOS,23/03/1968,54,FEMININO,SUPERIOR COMPLETO,CASADO(A),BRANCA,SERVIDOR PÚBLICO ESTADUAL,1270629.01,SUPLENTE,19401.0,352869.79000000004,107964.18
150001621663,2022,PB,DEPUTADO ESTADUAL,40555,ALEXANDRE KENNEDY,PSB,06/05/1986,36,MASCULINO,SUPERIOR INCOMPLETO,SOLTEIRO(A),PARDA,SERVIDOR PÚBLICO MUNICIPAL,1270629.01,SUPLENTE,873.0,,
150001718409,2022,PB,DEPUTADO ESTADUAL,35422,ANDRÉ LIMA,PMB,18/06/1979,43,MASCULINO,ENSINO MÉDIO COMPLETO,CASADO(A),BRANCA,FOTÓGRAFO E ASSEMELHADOS,1270629.01,NÃO ELEITO,362.0,,
150001718034,2022,PB,DEPUTADO ESTADUAL,12123,BONIFÁCIO TAVARES,PDT,08/07/1964,58,MASCULINO,ENSINO MÉDIO COMPLETO,CASADO(A),PRETA,AGRICULTOR,1270629.01,NÃO ELEITO,542.0,21000.0,180000.0
150001621666,2022,PB,DEPUTADO ESTADUAL,40151,RENATO MEIRELES,PSB,22/03/1988,34,MASCULINO,SUPERIOR COMPLETO,CASADO(A),PARDA,EMPRESÁRIO,1270629.01,SUPLENTE,3962.0,26761.260000000002,
150001612055,2022,PB,DEPUTADO ESTADUAL,11888,SHIRLEY,PP,01/09/1961,61,FEMININO,ENSINO FUNDAMENTAL COMPLETO,SOLTEIRO(A),PRETA,COMERCIÁRIO,1270629.01,SUPLENTE,1073.0,50000.0,
150001620816,2022,PB,DEPUTADO ESTADUAL,77235,GILBERTO SILVA JP,SOLIDARIEDADE,19/12/1977,45,MASCULINO,ENSINO MÉDIO INCOMPLETO,SOLTEIRO(A),PRETA,OUTROS,1270629.01,SUPLENTE,125.0,920.0,
150001737755,2022,PB,DEPUTADO ESTADUAL,35990,KAREN MARQUES,PMB,09/10/1990,32,FEMININO,ENSINO MÉDIO COMPLETO,SOLTEIRO(A),BRANCA,"VENDEDOR PRACISTA, REPRESENTANTE, CAIXEIRO-VIAJANTE E ASSEMELHADOS",1270629.01,NÃO ELEITO,,,
150001619636,2022,PB,DEPUTADO ESTADUAL,28008,PROFESSOR ELIABE AFONSO,PRTB,03/05/1978,44,MASCULINO,SUPERIOR COMPLETO,CASADO(A),BRANCA,PROFESSOR DE ENSINO SUPERIOR,1270629.01,NÃO ELEITO,1520.0,9692.28,137299.0
150001621572,2022,PB,DEPUTADO ESTADUAL,50666,PROFESSORA ELIZABETH,PSOL,14/06/1948,74,FEMININO,SUPERIOR COMPLETO,SOLTEIRO(A),PARDA,OUTROS,1270629.01,SUPLENTE,110.0,23144.47,
150001718491,2022,PB,DEPUTADO ESTADUAL,36556,DR GILVAN FERNANDES,AGIR,29/04/1954,68,MASCULINO,SUPERIOR COMPLETO,CASADO(A),PRETA,ADVOGADO,1270629.01,NÃO ELEITO,87.0,,
150001621563,2022,PB,DEPUTADO ESTADUAL,18190,SARGENTO PATRIAN,REDE,31/03/1982,40,MASCULINO,SUPERIOR COMPLETO,CASADO(A),PARDA,VEREADOR,1270629.01,SUPLENTE,3038.0,38910.0,
150001718218,2022,PB,DEPUTADO ESTADUAL,22369,JANAINA FELICIANO,PL,26/11/1979,43,FEMININO,ENSINO MÉDIO COMPLETO,CASADO(A),PARDA,OUTROS,1270629.01,SUPLENTE,143.0,44800.0,
150001718111,2022,PB,DEPUTADO ESTADUAL,15369,NALDO QUILOMBOLA,MDB,15/08/1984,38,MASCULINO,ENSINO MÉDIO COMPLETO,SOLTEIRO(A),PRETA,OUTROS,1270629.01,SUPLENTE,144.0,,
150001620825,2022,PB,DEPUTADO ESTADUAL,77789,IRMÃO CÉZAR,SOLIDARIEDADE,08/04/1973,49,MASCULINO,SUPERIOR COMPLETO,CASADO(A),PRETA,OUTROS,1270629.01,SUPLENTE,5558.0,21495.0,
150001718213,2022,PB,DEPUTADO ESTADUAL,22500,FABIANO SOARES,PL,20/03/1959,63,MASCULINO,ENSINO MÉDIO COMPLETO,DIVORCIADO(A),BRANCA,REPRESENTANTE COMERCIAL,1270629.01,NÃO ELEITO,99.0,15000.0,
150001621669,2022,PB,DEPUTADO ESTADUAL,40640,JOAO GONÇALVES,PSB,03/11/1958,64,MASCULINO,SUPERIOR COMPLETO,CASADO(A),BRANCA,DEPUTADO,1270629.01,ELEITO POR QP,37431.0,159065.76,10308.76
150001718116,2022,PB,DEPUTADO ESTADUAL,15999,PASTOR MARINHO,MDB,01/05/1978,44,MASCULINO,SUPERIOR COMPLETO,CASADO(A),BRANCA,SERVIDOR PÚBLICO ESTADUAL,1270629.01,SUPLENTE,317.0,,213000.0
150001723295,2022,PB,DEPUTADO ESTADUAL,14123,PAULO CÉSAR,PTB,08/05/1971,51,MASCULINO,ENSINO MÉDIO COMPLETO,CASADO(A),BRANCA,EMPRESÁRIO,1270629.01,NÃO ELEITO,175.0,7508.5,
150001718382,2022,PB,DEPUTADO ESTADUAL,35200,DEMETRIO ELITIZADO,PMB,25/02/1983,39,MASCULINO,ENSINO FUNDAMENTAL COMPLETO,SOLTEIRO(A),PARDA,CANTOR E COMPOSITOR,1270629.01,#NULO#,,,
150001612058,2022,PB,DEPUTADO ESTADUAL,11111,DR. JANE PANTA,PP,22/12/1975,47,FEMININO,SUPERIOR COMPLETO,CASADO(A),PARDA,MÉDICO,1270629.01,ELEITO POR QP,41277.0,489450.0,786050.02
150001621673,2022,PB,DEPUTADO ESTADUAL,40155,MISSIONARIA ALESSANDRA,PSB,30/04/1980,42,FEMININO,SUPERIOR COMPLETO,CASADO(A),PARDA,OUTROS,1270629.01,SUPLENTE,936.0,10000.01,50000.0
150001621612,2022,PB,DEPUTADO ESTADUAL,27169,TOINHO DO SOPÃO,DC,08/05/1966,56,MASCULINO,LÊ E ESCREVE,CASADO(A),PARDA,SERRALHEIRO,1270629.01,NÃO ELEITO,181.0,10100.0,
150001718495,2022,PB,DEPUTADO ESTADUAL,36000,LIBÓRIO LACERDA,AGIR,16/01/1983,40,MASCULINO,ENSINO MÉDIO COMPLETO,CASADO(A),PRETA,VIGILANTE,1270629.01,NÃO ELEITO,59.0,1347.25,
150001621354,2022,PB,DEPUTADO ESTADUAL,45444,SÉRGIO MAXIMO RUSSO,PSDB,30/05/1964,58,MASCULINO,ENSINO MÉDIO INCOMPLETO,CASADO(A),BRANCA,OUTROS,1270629.01,SUPLENTE,197.0,25000.0,
150001718093,2022,PB,DEPUTADO ESTADUAL,15133,ISRAEL NICOLAU,MDB,26/07/1988,34,MASCULINO,ENSINO MÉDIO COMPLETO,SOLTEIRO(A),BRANCA,OUTROS,1270629.01,SUPLENTE,118.0,,144000.0
150001723301,2022,PB,DEPUTADO ESTADUAL,14117,MARLENE LIRA,PTB,14/02/1974,48,FEMININO,ENSINO MÉDIO COMPLETO,CASADO(A),PARDA,COMERCIANTE,1270629.01,NÃO ELEITO,58.0,7058.5,
150001619627,2022,PB,DEPUTADO ESTADUAL,28007,PATRICIA BERGER,PRTB,07/03/1974,48,FEMININO,SUPERIOR COMPLETO,SOLTEIRO(A),PARDA,PROFESSOR DE ENSINO MÉDIO,1270629.01,NÃO ELEITO,330.0,4804.3,305000.0
150001718091,2022,PB,DEPUTADO ESTADUAL,15444,ALMIR DA SAÚDE,MDB,26/09/1967,55,MASCULINO,ENSINO MÉDIO COMPLETO,SOLTEIRO(A),PARDA,TÉCNICO DE ENFERMAGEM E ASSEMELHADOS (EXCETO ENFERMEIRO),1270629.01,NÃO ELEITO,53.0,,32000.0
150001620785,2022,PB,DEPUTADO ESTADUAL,55888,RODRIGO RAMOS,PSD,22/11/1982,40,MASCULINO,SUPERIOR COMPLETO,SOLTEIRO(A),PARDA,ADVOGADO,1270629.01,SUPLENTE,3446.0,99000.0,
150001718501,2022,PB,DEPUTADO ESTADUAL,36030,JBERG,AGIR,20/10/1979,43,MASCULINO,ENSINO MÉDIO COMPLETO,SOLTEIRO(A),PRETA,OUTROS,1270629.01,NÃO ELEITO,5.0,,
150001718199,2022,PB,DEPUTADO ESTADUAL,22555,TAMARA DE OYÁ,PL,31/01/1970,53,FEMININO,ENSINO FUNDAMENTAL COMPLETO,VIÚVO(A),BRANCA,DONA DE CASA,1270629.01,SUPLENTE,58.0,3000.0,
150001723302,2022,PB,DEPUTADO ESTADUAL,14134,RUTH MAIA,PTB,14/11/1995,27,FEMININO,ENSINO MÉDIO COMPLETO,CASADO(A),PARDA,"ESTUDANTE, BOLSISTA, ESTAGIÁRIO E ASSEMELHADOS",1270629.01,NÃO ELEITO,70.0,14058.5,
150001620819,2022,PB,DEPUTADO ESTADUAL,77300,MAYARA FREITAS,SOLIDARIEDADE,31/12/1992,30,FEMININO,SUPERIOR COMPLETO,SOLTEIRO(A),PARDA,FONOAUDIÓLOGO,1270629.01,SUPLENTE,69.0,1920.0,
150001620835,2022,PB,DEPUTADO ESTADUAL,77444,VALDILENE QUEIROZ,SOLIDARIEDADE,29/08/1968,54,FEMININO,ENSINO MÉDIO COMPLETO,DIVORCIADO(A),BRANCA,OUTROS,1270629.01,SUPLENTE,286.0,,110000.0
150001619565,2022,PB,DEPUTADO ESTADUAL,10444,ADRIANO GALDINO,REPUBLICANOS,21/10/1960,62,MASCULINO,SUPERIOR COMPLETO,CASADO(A),BRANCA,DEPUTADO,1270629.01,ELEITO POR QP,59329.0,278897.91000000003,1516707.22
150001621670,2022,PB,DEPUTADO ESTADUAL,40013,ANISIO MAIA,PSB,11/07/1954,68,MASCULINO,SUPERIOR COMPLETO,CASADO(A),BRANCA,DEPUTADO,1270629.01,SUPLENTE,12859.0,91800.0,329965.46
150001619635,2022,PB,DEPUTADO ESTADUAL,28000,CLERTON FRANCA,PRTB,27/10/1964,58,MASCULINO,SUPERIOR COMPLETO,CASADO(A),PARDA,ADMINISTRADOR,1270629.01,NÃO ELEITO,66.0,4570.0,386038.35
150001718198,2022,PB,DEPUTADO ESTADUAL,22422,DR RICARDO GOMES,PL,04/01/1964,59,MASCULINO,SUPERIOR COMPLETO,CASADO(A),BRANCA,OUTROS,1270629.01,SUPLENTE,255.0,15000.0,
150001643210,2022,PB,DEPUTADO ESTADUAL,65555,INÁCIO FALCÃO,PC do B,15/02/1968,54,MASCULINO,SUPERIOR INCOMPLETO,SOLTEIRO(A),PARDA,DEPUTADO,1270629.01,ELEITO POR QP,24266.0,460000.0,740000.0
150001621665,2022,PB,DEPUTADO ESTADUAL,40221,ZE MARIO,PSB,06/08/1964,58,MASCULINO,ENSINO MÉDIO INCOMPLETO,CASADO(A),PARDA,EMPRESÁRIO,1270629.01,NÃO ELEITO,22.0,,619449.4
150001643197,2022,PB,DEPUTADO ESTADUAL,13660,LUCIANO CARTAXO,PT,07/06/1964,58,MASCULINO,SUPERIOR COMPLETO,CASADO(A),BRANCA,FARMACÊUTICO,1270629.01,ELEITO POR MÉDIA,22272.0,74389.83,1157991.98
150001718081,2022,PB,DEPUTADO ESTADUAL,15258,PASTOR REI,MDB,06/12/1975,47,MASCULINO,ENSINO FUNDAMENTAL COMPLETO,CASADO(A),PRETA,AGENTE DE SAÚDE E SANITARISTA,1270629.01,SUPLENTE,175.0,,
150001621554,2022,PB,DEPUTADO ESTADUAL,50777,ZÉ DE DUNCO,PSOL,22/12/1975,47,MASCULINO,ENSINO MÉDIO COMPLETO,SOLTEIRO(A),BRANCA,GARI OU LIXEIRO,1270629.01,SUPLENTE,283.0,9366.439999999999,105000.0
150001620810,2022,PB,DEPUTADO ESTADUAL,77600,NILDO ANDRADE,SOLIDARIEDADE,15/11/1958,64,MASCULINO,ENSINO MÉDIO COMPLETO,CASADO(A),PARDA,OUTROS,1270629.01,SUPLENTE,1039.0,2920.0,90701.0
150001643198,2022,PB,DEPUTADO ESTADUAL,13134,LEGAL,PT,12/11/1958,64,MASCULINO,SUPERIOR COMPLETO,DIVORCIADO(A),BRANCA,ADVOGADO,1270629.01,SUPLENTE,1772.0,24000.0,60009.16
150001620833,2022,PB,DEPUTADO ESTADUAL,77077,GRACINHA SOARES,SOLIDARIEDADE,27/11/1954,68,FEMININO,ENSINO FUNDAMENTAL COMPLETO,CASADO(A),BRANCA,APOSENTADO (EXCETO SERVIDOR PÚBLICO),1270629.01,SUPLENTE,179.0,3420.0,
150001621556,2022,PB,DEPUTADO ESTADUAL,18333,BIANCA QUILOMBOLA,REDE,27/10/1982,40,FEMININO,ENSINO MÉDIO COMPLETO,CASADO(A),PRETA,AGRICULTOR,1270629.01,SUPLENTE,917.0,35818.5,
150001621668,2022,PB,DEPUTADO ESTADUAL,40789,BUBA GERMANO,PSB,18/12/1954,68,MASCULINO,SUPERIOR COMPLETO,CASADO(A),PARDA,DEPUTADO,1270629.01,#NULO#,,14211.0,646495.28
150001603144,2022,PB,DEPUTADO ESTADUAL,44301,JULIO NAZÁRIO,UNIÃO,16/12/1977,45,MASCULINO,ENSINO MÉDIO COMPLETO,SOLTEIRO(A),PARDA,"PORTEIRO DE EDIFÍCIO, ASCENSORISTA, GARAGISTA E ZELADOR",1270629.01,SUPLENTE,189.0,30650.0,50000.0
150001603124,2022,PB,DEPUTADO ESTADUAL,44333,DR ZÉ CÉLIO,UNIÃO,01/04/1957,65,MASCULINO,SUPERIOR COMPLETO,CASADO(A),BRANCA,SERVIDOR PÚBLICO ESTADUAL,1270629.01,SUPLENTE,10425.0,108000.0,1503039.72
150001621378,2022,PB,DEPUTADO ESTADUAL,45234,JEAN PIERRE,PSDB,27/11/1989,33,MASCULINO,SUPERIOR COMPLETO,CASADO(A),PRETA,ADMINISTRADOR,1270629.01,SUPLENTE,2847.0,78500.0,110000.0
150001723297,2022,PB,DEPUTADO ESTADUAL,14014,LUIZINHO SENA,PTB,15/11/1986,36,MASCULINO,ENSINO MÉDIO COMPLETO,CASADO(A),PARDA,APOSENTADO (EXCETO SERVIDOR PÚBLICO),1270629.01,NÃO ELEITO,1186.0,44701.0,130000.0
150001718089,2022,PB,DEPUTADO ESTADUAL,15192,SGTO BARBOSA,MDB,20/05/1968,54,MASCULINO,ENSINO MÉDIO COMPLETO,CASADO(A),BRANCA,POLICIAL MILITAR,1270629.01,SUPLENTE,130.0,,29000.0
150001724236,2022,PB,DEPUTADO ESTADUAL,22600,PREÁ,PL,18/09/1971,51,MASCULINO,ENSINO FUNDAMENTAL COMPLETO,CASADO(A),BRANCA,ADMINISTRADOR,1270629.01,NÃO ELEITO,2864.0,,918652.0
150001621660,2022,PB,DEPUTADO ESTADUAL,40400,DR OSCAR,PSB,23/12/1953,69,MASCULINO,SUPERIOR COMPLETO,DIVORCIADO(A),PARDA,MÉDICO,1270629.01,SUPLENTE,2905.0,4567.5,121521.94
150001718194,2022,PB,DEPUTADO ESTADUAL,22123,MARCELLA TORRES,PL,03/06/1991,31,FEMININO,ENSINO MÉDIO COMPLETO,CASADO(A),BRANCA,EMPRESÁRIO,1270629.01,SUPLENTE,1805.0,300.0,60000.0
150001621596,2022,PB,DEPUTADO ESTADUAL,27557,ALEKS MOTOS,DC,29/08/1979,43,MASCULINO,ENSINO MÉDIO INCOMPLETO,SOLTEIRO(A),PARDA,VENDEDOR DE COMÉRCIO VAREJISTA E ATACADISTA,1270629.01,NÃO ELEITO,159.0,10100.0,180000.0
150001621605,2022,PB,DEPUTADO ESTADUAL,27123,JANDUHY CARNEIRO,DC,19/11/1966,56,MASCULINO,SUPERIOR COMPLETO,CASADO(A),BRANCA,SERVIDOR PÚBLICO FEDERAL,1270629.01,NÃO ELEITO,2514.0,54710.0,
150001643209,2022,PB,DEPUTADO ESTADUAL,65444,NOBERTO CARNEIRO,PC do B,28/05/1974,48,MASCULINO,SUPERIOR COMPLETO,CASADO(A),PARDA,OUTROS,1270629.01,SUPLENTE,1616.0,18000.0,871000.0
150001718420,2022,PB,DEPUTADO ESTADUAL,35000,SAMUEL MARIANO,PMB,13/09/1984,38,MASCULINO,ENSINO MÉDIO COMPLETO,CASADO(A),PARDA,CANTOR E COMPOSITOR,1270629.01,NÃO ELEITO,5804.0,8250.0,300000.0
150001621560,2022,PB,DEPUTADO ESTADUAL,18900,MUNIZ GARÇOM,REDE,19/11/1976,46,MASCULINO,ENSINO FUNDAMENTAL INCOMPLETO,CASADO(A),PARDA,GARÇOM,1270629.01,SUPLENTE,205.0,13266.0,7000.0
150001619569,2022,PB,DEPUTADO ESTADUAL,10678,EUDOCIO DANTAS DODÓ,REPUBLICANOS,14/11/1953,69,MASCULINO,SUPERIOR COMPLETO,CASADO(A),BRANCA,APOSENTADO (EXCETO SERVIDOR PÚBLICO),1270629.01,SUPLENTE,387.0,,87000.0
150001621613,2022,PB,DEPUTADO ESTADUAL,27277,ONIETE DEMOLIDOR,DC,16/03/1972,50,MASCULINO,ENSINO MÉDIO COMPLETO,CASADO(A),PARDA,OUTROS,1270629.01,NÃO ELEITO,113.0,10100.0,
150001643189,2022,PB,DEPUTADO ESTADUAL,65000,JÔ OLIVEIRA,PC do B,29/06/1981,41,FEMININO,SUPERIOR COMPLETO,CASADO(A),PRETA,VEREADOR,1270629.01,SUPLENTE,20785.0,217375.0,59000.0
150001718117,2022,PB,DEPUTADO ESTADUAL,15013,CHICO DA TOCHA,MDB,09/04/1962,60,MASCULINO,ENSINO MÉDIO COMPLETO,SOLTEIRO(A),BRANCA,OUTROS,1270629.01,SUPLENTE,330.0,3550.0,
150001603134,2022,PB,DEPUTADO ESTADUAL,44044,GRAÇA TORQUATO,UNIÃO,27/11/1969,53,FEMININO,SUPERIOR COMPLETO,CASADO(A),PARDA,EMPRESÁRIO,1270629.01,SUPLENTE,608.0,100000.0,770000.0
150001643214,2022,PB,DEPUTADO ESTADUAL,13213,NOCA RIBEIRO,PT,10/07/1971,51,MASCULINO,ENSINO MÉDIO COMPLETO,DIVORCIADO(A),BRANCA,EMPRESÁRIO,1270629.01,SUPLENTE,490.0,4000.0,200000.0
150001621584,2022,PB,DEPUTADO ESTADUAL,18444,RAIMUNDO AGENTE DE SAUDE,REDE,20/04/1971,51,MASCULINO,SUPERIOR INCOMPLETO,CASADO(A),PARDA,AGENTE DE SAÚDE E SANITARISTA,1270629.01,SUPLENTE,201.0,13133.0,40000.0
150001619625,2022,PB,DEPUTADO ESTADUAL,28345,MISSIONARIA VANDA,PRTB,30/01/1974,49,FEMININO,ENSINO FUNDAMENTAL INCOMPLETO,CASADO(A),PARDA,OUTROS,1270629.01,#NULO#,,,
150001619567,2022,PB,DEPUTADO ESTADUAL,10456,DANIELLE DO VALE,REPUBLICANOS,19/05/1980,42,FEMININO,SUPERIOR COMPLETO,DIVORCIADO(A),BRANCA,SERVIDOR PÚBLICO FEDERAL,1270629.01,ELEITO POR QP,37235.0,370493.79000000004,895000.0
150001621610,2022,PB,DEPUTADO ESTADUAL,27987,SARGENTO XAVIER,DC,15/11/1973,49,MASCULINO,ENSINO MÉDIO COMPLETO,CASADO(A),BRANCA,POLICIAL MILITAR,1270629.01,NÃO ELEITO,60.0,9412.58,
150001619629,2022,PB,DEPUTADO ESTADUAL,28190,EDUARDO BOMBA,PRTB,05/06/1979,43,MASCULINO,ENSINO MÉDIO COMPLETO,CASADO(A),PARDA,POLICIAL MILITAR,1270629.01,NÃO ELEITO,402.0,,31992.65
150001620779,2022,PB,DEPUTADO ESTADUAL,55222,AMANDA VIRGÍNIA,PSD,22/04/1987,35,FEMININO,SUPERIOR COMPLETO,SOLTEIRO(A),BRANCA,ASSISTENTE SOCIAL,1270629.01,NÃO ELEITO,102.0,2835.0,
150001620788,2022,PB,DEPUTADO ESTADUAL,55777,JAIRO GOMES,PSD,29/05/1975,47,MASCULINO,ENSINO MÉDIO COMPLETO,SOLTEIRO(A),PARDA,TRABALHADOR DE CONSTRUÇÃO CIVIL,1270629.01,SUPLENTE,486.0,99970.2,19500.0
150001621380,2022,PB,DEPUTADO ESTADUAL,45545,EDMAR OLIVEIRA,PSDB,26/09/1978,44,MASCULINO,SUPERIOR COMPLETO,CASADO(A),PARDA,ADMINISTRADOR,1270629.01,SUPLENTE,122.0,20000.0,
150001620822,2022,PB,DEPUTADO ESTADUAL,77800,TIA MILA,SOLIDARIEDADE,12/10/1976,46,FEMININO,SUPERIOR COMPLETO,SOLTEIRO(A),BRANCA,PROFESSOR DE ENSINO FUNDAMENTAL,1270629.01,SUPLENTE,792.0,14480.0,17000.0
150001718394,2022,PB,DEPUTADO ESTADUAL,35022,CABO SILVA FERREIRA,PMB,26/05/1991,31,MASCULINO,ENSINO MÉDIO COMPLETO,SOLTEIRO(A),PRETA,EMPRESÁRIO,1270629.01,#NULO#,,,175000.0
150001643205,2022,PB,DEPUTADO ESTADUAL,13222,CARLOS SILVA,PT,01/05/1969,53,MASCULINO,SUPERIOR COMPLETO,CASADO(A),PARDA,AGRICULTOR,1270629.01,SUPLENTE,448.0,9150.0,981418.5
150001621566,2022,PB,DEPUTADO ESTADUAL,50110,VERA DA SÃO RAFAEL,PSOL,08/12/1975,47,FEMININO,ENSINO MÉDIO COMPLETO,SOLTEIRO(A),BRANCA,OUTROS,1270629.01,SUPLENTE,86.0,21808.36,50000.0
150001620826,2022,PB,DEPUTADO ESTADUAL,77678,JOÁS PONTES,SOLIDARIEDADE,19/01/1971,52,MASCULINO,ENSINO FUNDAMENTAL COMPLETO,CASADO(A),PRETA,APOSENTADO (EXCETO SERVIDOR PÚBLICO),1270629.01,SUPLENTE,107.0,1920.0,
150001723300,2022,PB,DEPUTADO ESTADUAL,14444,EMANUELLE RIBEIRO,PTB,01/02/1984,39,FEMININO,ENSINO MÉDIO COMPLETO,CASADO(A),PARDA,CABELEIREIRO E BARBEIRO,1270629.01,NÃO ELEITO,842.0,52701.0,
150001620817,2022,PB,DEPUTADO ESTADUAL,77125,NEVES,SOLIDARIEDADE,13/02/1964,58,FEMININO,SUPERIOR COMPLETO,SOLTEIRO(A),PRETA,VENDEDOR DE COMÉRCIO VAREJISTA E ATACADISTA,1270629.01,SUPLENTE,30.0,920.0,80000.0
150001737757,2022,PB,DEPUTADO ESTADUAL,35200,DEMÉTRIO ELITIZADO,PMB,25/02/1983,39,MASCULINO,ENSINO FUNDAMENTAL COMPLETO,SOLTEIRO(A),PARDA,MÚSICO,1270629.01,NÃO ELEITO,124.0,,
150001620827,2022,PB,DEPUTADO ESTADUAL,77123,GERMANA WANDERLEY,SOLIDARIEDADE,12/03/1981,41,FEMININO,SUPERIOR COMPLETO,CASADO(A),BRANCA,OUTROS,1270629.01,SUPLENTE,6324.0,33000.0,1000000.0
150001620824,2022,PB,DEPUTADO ESTADUAL,77777,DUDU SOARES,SOLIDARIEDADE,12/04/1979,43,MASCULINO,SUPERIOR COMPLETO,CASADO(A),BRANCA,ADVOGADO,1270629.01,SUPLENTE,21936.0,338199.28,271000.0
150001621671,2022,PB,DEPUTADO ESTADUAL,40456,CHICO MENDES,PSB,13/06/1967,55,MASCULINO,SUPERIOR COMPLETO,CASADO(A),BRANCA,EMPRESÁRIO,1270629.01,ELEITO POR QP,43068.0,244639.26,3013827.16
150001603145,2022,PB,DEPUTADO ESTADUAL,44420,PABLO,UNIÃO,13/07/1984,38,MASCULINO,ENSINO MÉDIO COMPLETO,CASADO(A),PARDA,COMERCIANTE,1270629.01,SUPLENTE,513.0,32500.0,40000.0
150001621557,2022,PB,DEPUTADO ESTADUAL,18000,COMADRE GUERREIRA,REDE,15/04/1968,54,FEMININO,ENSINO MÉDIO COMPLETO,CASADO(A),INDÍGENA,APOSENTADO (EXCETO SERVIDOR PÚBLICO),1270629.01,SUPLENTE,445.0,32399.0,
150001619574,2022,PB,DEPUTADO ESTADUAL,10110,WILSON FILHO,REPUBLICANOS,10/08/1989,33,MASCULINO,SUPERIOR COMPLETO,CASADO(A),BRANCA,DEPUTADO,1270629.01,ELEITO POR QP,47129.0,165262.04,5785971.96
150001619575,2022,PB,DEPUTADO ESTADUAL,10333,JUSCELINO DO PEIXE,REPUBLICANOS,20/03/1983,39,MASCULINO,SUPERIOR INCOMPLETO,CASADO(A),PARDA,PESCADOR,1270629.01,SUPLENTE,9859.0,300800.0,250990.0
150001619632,2022,PB,DEPUTADO ESTADUAL,28555,EDMILSON DUROGER,PRTB,11/02/1963,59,MASCULINO,SUPERIOR INCOMPLETO,CASADO(A),PARDA,JORNALISTA E REDATOR,1270629.01,NÃO ELEITO,138.0,1720.0,
150001718220,2022,PB,DEPUTADO ESTADUAL,22100,SARGENTO RUI,PL,09/11/1982,40,MASCULINO,SUPERIOR COMPLETO,SOLTEIRO(A),BRANCA,POLICIAL MILITAR,1270629.01,SUPLENTE,15760.0,23350.0,47852.0
150001603126,2022,PB,DEPUTADO ESTADUAL,44156,KEURY ALMEIDA,UNIÃO,18/06/1979,43,FEMININO,ENSINO FUNDAMENTAL COMPLETO,VIÚVO(A),PARDA,OUTROS,1270629.01,SUPLENTE,157.0,,
150001643187,2022,PB,DEPUTADO ESTADUAL,65040,JOÃO ALVES,PC do B,24/06/1966,56,MASCULINO,ENSINO MÉDIO INCOMPLETO,DIVORCIADO(A),PARDA,EMPRESÁRIO,1270629.01,SUPLENTE,246.0,18000.0,65000.0
150001718100,2022,PB,DEPUTADO ESTADUAL,15333,HOSANA CHAGAS,MDB,03/05/1974,48,FEMININO,SUPERIOR COMPLETO,CASADO(A),PARDA,ASSISTENTE SOCIAL,1270629.01,SUPLENTE,644.0,40000.0,183000.0
150001619570,2022,PB,DEPUTADO ESTADUAL,10111,FRANCISCA MOTTA,REPUBLICANOS,18/05/1941,81,FEMININO,SUPERIOR COMPLETO,VIÚVO(A),BRANCA,OUTROS,1270629.01,ELEITO POR QP,40230.0,725094.0,2411313.54
150001723294,2022,PB,DEPUTADO ESTADUAL,14222,SALOMÃO NOBRE,PTB,24/03/1974,48,MASCULINO,SUPERIOR COMPLETO,CASADO(A),PARDA,SERVIDOR PÚBLICO MUNICIPAL,1270629.01,NÃO ELEITO,1468.0,14058.5,34853.75
150001620834,2022,PB,DEPUTADO ESTADUAL,77555,RENATA PRISCILLA,SOLIDARIEDADE,25/01/1985,38,FEMININO,SUPERIOR COMPLETO,DIVORCIADO(A),PARDA,TÉCNICO DE ENFERMAGEM E ASSEMELHADOS (EXCETO ENFERMEIRO),1270629.01,SUPLENTE,346.0,3920.0,27000.0
150001620831,2022,PB,DEPUTADO ESTADUAL,77257,OMAR DA ENERGIA SOLAR,SOLIDARIEDADE,25/07/1974,48,MASCULINO,ENSINO MÉDIO COMPLETO,SEPARADO(A) JUDICIALMENTE,PARDA,EMPRESÁRIO,1270629.01,#NULO#,,920.0,
150001619620,2022,PB,DEPUTADO ESTADUAL,28444,THALES ARAUJO,PRTB,13/11/1993,29,MASCULINO,ENSINO MÉDIO COMPLETO,SOLTEIRO(A),BRANCA,OUTROS,1270629.01,NÃO ELEITO,133.0,2720.0,
150001603140,2022,PB,DEPUTADO ESTADUAL,44500,CLÉIA FÉLIX,UNIÃO,29/03/1971,51,FEMININO,SUPERIOR INCOMPLETO,SOLTEIRO(A),PARDA,COMERCIANTE,1270629.01,SUPLENTE,31.0,,240900.0
150001603149,2022,PB,DEPUTADO ESTADUAL,44321,RUAN MARTINS,UNIÃO,04/07/1993,29,MASCULINO,SUPERIOR INCOMPLETO,SOLTEIRO(A),PARDA,PROFESSOR DE ENSINO MÉDIO,1270629.01,SUPLENTE,2916.0,50000.0,
150001621664,2022,PB,DEPUTADO ESTADUAL,40888,SIMONE LIMA,PSB,19/07/1969,53,FEMININO,SUPERIOR INCOMPLETO,VIÚVO(A),BRANCA,AGENTE ADMINISTRATIVO,1270629.01,SUPLENTE,159.0,,
150001718227,2022,PB,DEPUTADO ESTADUAL,22221,PROF ALESSANDRO,PL,02/08/1975,47,MASCULINO,SUPERIOR COMPLETO,SOLTEIRO(A),PARDA,OUTROS,1270629.01,#NULO#,,,150000.0
150001620789,2022,PB,DEPUTADO ESTADUAL,55444,JÚNIOR BRITO,PSD,10/06/1986,36,MASCULINO,ENSINO MÉDIO INCOMPLETO,SOLTEIRO(A),PARDA,"ESTUDANTE, BOLSISTA, ESTAGIÁRIO E ASSEMELHADOS",1270629.01,SUPLENTE,87.0,10000.0,66000.0
150001643185,2022,PB,DEPUTADO ESTADUAL,13789,MILENA FEITOSA,PT,25/12/1987,35,FEMININO,ENSINO MÉDIO COMPLETO,SOLTEIRO(A),PRETA,AGRICULTOR,1270629.01,SUPLENTE,382.0,45000.0,
150001621593,2022,PB,DEPUTADO ESTADUAL,27875,SEBASTIÃO FELINTRO,DC,09/04/1965,57,MASCULINO,ENSINO MÉDIO COMPLETO,CASADO(A),PRETA,"MARINHEIRO CIVIL, CANOEIRO, EMBARCADO E ASSEMELHADOS",1270629.01,NÃO ELEITO,57.0,10100.0,
150001718108,2022,PB,DEPUTADO ESTADUAL,15201,MAX JUNIOR,MDB,17/09/1987,35,MASCULINO,SUPERIOR COMPLETO,SOLTEIRO(A),BRANCA,FISIOTERAPEUTA E TERAPEUTA OCUPACIONAL,1270629.01,SUPLENTE,291.0,,142000.0
150001718412,2022,PB,DEPUTADO ESTADUAL,35888,ARIELLA PAIVA,PMB,14/12/1985,37,FEMININO,SUPERIOR COMPLETO,SOLTEIRO(A),PARDA,"CORRETOR DE IMÓVEIS, SEGUROS, TÍTULOS E VALORES",1270629.01,NÃO ELEITO,121.0,,65000.0
150001643208,2022,PB,DEPUTADO ESTADUAL,65161,DORA DA SAÚDE,PC do B,18/05/1974,48,FEMININO,ENSINO MÉDIO COMPLETO,CASADO(A),PRETA,AGENTE DE SAÚDE E SANITARISTA,1270629.01,SUPLENTE,180.0,18000.0,
150001718375,2022,PB,DEPUTADO ESTADUAL,35235,ADANEIDE LUCENA COSTA,PMB,14/10/1956,66,FEMININO,ENSINO MÉDIO COMPLETO,SOLTEIRO(A),BRANCA,APOSENTADO (EXCETO SERVIDOR PÚBLICO),1270629.01,NÃO ELEITO,7.0,,
150001718372,2022,PB,DEPUTADO ESTADUAL,35330,THYAGO FARIAS,PMB,11/12/1978,44,MASCULINO,ENSINO MÉDIO COMPLETO,CASADO(A),PRETA,GUIA DE TURISMO,1270629.01,#NULO#,,,
150001718200,2022,PB,DEPUTADO ESTADUAL,22147,GUEDES INFORMÁTICA,PL,23/09/1961,61,MASCULINO,ENSINO FUNDAMENTAL COMPLETO,CASADO(A),PARDA,OUTROS,1270629.01,#NULO#,,,250000.0
150001718204,2022,PB,DEPUTADO ESTADUAL,22789,VICENTE OFICIAL,PL,29/05/1972,50,MASCULINO,ENSINO FUNDAMENTAL COMPLETO,DIVORCIADO(A),PARDA,SERVENTUÁRIO DE JUSTIÇA,1270629.01,SUPLENTE,1119.0,15000.0,415000.0
150001612052,2022,PB,DEPUTADO ESTADUAL,11800,ROSTAND PARAÍBA,PP,08/10/1965,57,MASCULINO,ENSINO MÉDIO COMPLETO,CASADO(A),PARDA,EMPRESÁRIO,1270629.01,SUPLENTE,1226.0,187000.0,307000.0
150001621598,2022,PB,DEPUTADO ESTADUAL,27789,TEN ALVES DA FLAMENGUEIRA,DC,31/08/1965,57,MASCULINO,SUPERIOR COMPLETO,DIVORCIADO(A),PRETA,POLICIAL MILITAR,1270629.01,NÃO ELEITO,180.0,10100.0,348000.0
150001603132,2022,PB,DEPUTADO ESTADUAL,44229,REGINALDO AMÉRICO,UNIÃO,26/01/1961,62,MASCULINO,ENSINO MÉDIO COMPLETO,CASADO(A),BRANCA,EMPRESÁRIO,1270629.01,SUPLENTE,1345.0,,1480000.0
150001603139,2022,PB,DEPUTADO ESTADUAL,44480,NEIDE FERNANDES,UNIÃO,18/08/1972,50,FEMININO,ENSINO MÉDIO COMPLETO,VIÚVO(A),PARDA,DONA DE CASA,1270629.01,SUPLENTE,219.0,30000.0,
150001718216,2022,PB,DEPUTADO ESTADUAL,22190,WALLBER VIRGOLINO,PL,15/10/1978,44,MASCULINO,SUPERIOR COMPLETO,CASADO(A),BRANCA,DEPUTADO,1270629.01,ELEITO POR QP,49419.0,342500.0,957615.3
150001620782,2022,PB,DEPUTADO ESTADUAL,55789,EVA GOUVEIA,PSD,26/05/1967,55,FEMININO,SUPERIOR COMPLETO,VIÚVO(A),BRANCA,SERVIDOR PÚBLICO MUNICIPAL,1270629.01,SUPLENTE,8650.0,1261015.0,4645000.0
150001620807,2022,PB,DEPUTADO ESTADUAL,77456,JOÃO DOS SANTOS,SOLIDARIEDADE,23/09/1950,72,MASCULINO,ENSINO MÉDIO COMPLETO,CASADO(A),PRETA,APOSENTADO (EXCETO SERVIDOR PÚBLICO),1270629.01,SUPLENTE,9364.0,42800.0,
150001620811,2022,PB,DEPUTADO ESTADUAL,77890,OSMANY MORAES,SOLIDARIEDADE,30/12/1964,58,MASCULINO,SUPERIOR COMPLETO,CASADO(A),PARDA,POLICIAL CIVIL,1270629.01,SUPLENTE,128.0,2920.0,
150001621674,2022,PB,DEPUTADO ESTADUAL,40999,IRMA LÚCIA DO EITEL,PSB,29/01/1974,49,FEMININO,ENSINO MÉDIO COMPLETO,CASADO(A),PARDA,DONA DE CASA,1270629.01,SUPLENTE,456.0,10000.0,
150001621582,2022,PB,DEPUTADO ESTADUAL,18369,RONALDO LUCENA,REDE,26/05/1967,55,MASCULINO,ENSINO MÉDIO COMPLETO,SOLTEIRO(A),PARDA,OUTROS,1270629.01,SUPLENTE,988.0,80000.0,4195000.0
150001718202,2022,PB,DEPUTADO ESTADUAL,22567,BRUNA RAQUEL,PL,22/12/1992,30,FEMININO,ENSINO MÉDIO COMPLETO,SOLTEIRO(A),PARDA,"SECRETÁRIO,ESTENÓGRAFO,DATILÓGRAFO,RECEPCIONISTA,TELEFONISTA,TAQUÍGRAF",1270629.01,SUPLENTE,146.0,,
150001718395,2022,PB,DEPUTADO ESTADUAL,35990,KAREN MARQUES,PMB,09/10/1990,32,FEMININO,ENSINO MÉDIO COMPLETO,SOLTEIRO(A),BRANCA,VENDEDOR DE COMÉRCIO VAREJISTA E ATACADISTA,1270629.01,#NULO#,,,
150001718502,2022,PB,DEPUTADO ESTADUAL,36333,JEAN CARLO,AGIR,21/08/1974,48,MASCULINO,ENSINO MÉDIO COMPLETO,CASADO(A),PARDA,EMPRESÁRIO,1270629.01,NÃO ELEITO,164.0,1347.25,45000.0
150001620778,2022,PB,DEPUTADO ESTADUAL,55333,LUCINHA LIMA,PSD,04/01/1982,41,FEMININO,ENSINO MÉDIO COMPLETO,CASADO(A),PARDA,COMUNICÓLOGO,1270629.01,SUPLENTE,21059.0,115434.6,
150001621589,2022,PB,DEPUTADO ESTADUAL,18678,SIMONE BRITO,REDE,05/04/1983,39,FEMININO,ENSINO MÉDIO COMPLETO,CASADO(A),PARDA,OUTROS,1270629.01,SUPLENTE,888.0,22133.0,
150001615483,2022,PB,DEPUTADO ESTADUAL,90900,ADAUTO TAVARES,PROS,08/06/1993,29,MASCULINO,ENSINO MÉDIO COMPLETO,SOLTEIRO(A),PARDA,GERENTE,1270629.01,NÃO ELEITO,20.0,,
150001718411,2022,PB,DEPUTADO ESTADUAL,35111,TONY CANAÃ,PMB,03/11/1981,41,MASCULINO,SUPERIOR INCOMPLETO,CASADO(A),PARDA,COMERCIANTE,1270629.01,NÃO ELEITO,135.0,,
150001718226,2022,PB,DEPUTADO ESTADUAL,22200,KELSEN BOLSONARO,PL,01/01/1964,59,MASCULINO,SUPERIOR COMPLETO,CASADO(A),BRANCA,"CORRETOR DE IMÓVEIS, SEGUROS, TÍTULOS E VALORES",1270629.01,#NULO#,,,
150001718196,2022,PB,DEPUTADO ESTADUAL,22456,BOILEAU WANDERLEY,PL,06/10/1962,60,MASCULINO,SUPERIOR COMPLETO,CASADO(A),BRANCA,COMERCIANTE,1270629.01,SUPLENTE,897.0,22200.0,140000.0
150001612060,2022,PB,DEPUTADO ESTADUAL,11113,MICHELLE ARAUJO,PP,25/02/1981,41,FEMININO,SUPERIOR COMPLETO,DIVORCIADO(A),BRANCA,ADVOGADO,1270629.01,SUPLENTE,595.0,,295000.0
150001718214,2022,PB,DEPUTADO ESTADUAL,22321,BOLSORETH,PL,29/02/1956,66,FEMININO,ENSINO MÉDIO COMPLETO,CASADO(A),PARDA,DONA DE CASA,1270629.01,SUPLENTE,309.0,22750.0,
150001621375,2022,PB,DEPUTADO ESTADUAL,45000,DINHO PAPALEGUAS,PSDB,16/07/1978,44,MASCULINO,SUPERIOR INCOMPLETO,CASADO(A),BRANCA,VEREADOR,1270629.01,SUPLENTE,12672.0,120000.0,746276.24
150001643196,2022,PB,DEPUTADO ESTADUAL,13888,JOÃO BATISTA,PT,24/06/1950,72,MASCULINO,SUPERIOR COMPLETO,CASADO(A),BRANCA,ADMINISTRADOR,1270629.01,SUPLENTE,37.0,,
150001612056,2022,PB,DEPUTADO ESTADUAL,11369,JOÃO PAULO,PP,01/04/1981,41,MASCULINO,SUPERIOR INCOMPLETO,CASADO(A),PARDA,EMPRESÁRIO,1270629.01,ELEITO POR QP,46088.0,585486.5,180000.0
150001718405,2022,PB,DEPUTADO ESTADUAL,35777,ADAILMA SANTOS,PMB,17/03/1991,31,FEMININO,SUPERIOR COMPLETO,DIVORCIADO(A),BRANCA,"ESTUDANTE, BOLSISTA, ESTAGIÁRIO E ASSEMELHADOS",1270629.01,NÃO ELEITO,89.0,,
150001737760,2022,PB,DEPUTADO ESTADUAL,35444,MARIA DO SOCORRO,PMB,29/04/1963,59,FEMININO,ENSINO FUNDAMENTAL COMPLETO,SOLTEIRO(A),PARDA,OUTROS,1270629.01,NÃO ELEITO,1.0,,45000.0
150001620841,2022,PB,DEPUTADO ESTADUAL,77888,EPITÁCIO,SOLIDARIEDADE,25/05/1985,37,MASCULINO,SUPERIOR COMPLETO,CASADO(A),BRANCA,EMPRESÁRIO,1270629.01,SUPLENTE,3642.0,37000.0,461578.94
150001643204,2022,PB,DEPUTADO ESTADUAL,13000,MARCOS HENRIQUES,PT,01/11/1967,55,MASCULINO,SUPERIOR COMPLETO,CASADO(A),BRANCA,BANCÁRIO E ECONOMIÁRIO,1270629.01,SUPLENTE,12449.0,130293.0,1537602.0
150001620839,2022,PB,DEPUTADO ESTADUAL,77121,FLAVIANO TAXISTA,SOLIDARIEDADE,18/09/1975,47,MASCULINO,ENSINO MÉDIO COMPLETO,CASADO(A),PRETA,TAXISTA,1270629.01,SUPLENTE,725.0,3920.0,288600.0
150001621366,2022,PB,DEPUTADO ESTADUAL,45333,TARCISIO MARCELO,PSDB,02/12/1954,68,MASCULINO,SUPERIOR COMPLETO,DIVORCIADO(A),PARDA,ADMINISTRADOR,1270629.01,SUPLENTE,4960.0,61800.0,200000.0
150001718414,2022,PB,DEPUTADO ESTADUAL,35678,DIEGHO BARROS,PMB,15/02/1984,38,MASCULINO,SUPERIOR INCOMPLETO,SOLTEIRO(A),PARDA,AGENTE ADMINISTRATIVO,1270629.01,NÃO ELEITO,223.0,,
150001718380,2022,PB,DEPUTADO ESTADUAL,35020,MARQUINHO DO PEDREGAL,PMB,29/10/1982,40,MASCULINO,ENSINO MÉDIO COMPLETO,SOLTEIRO(A),PRETA,OUTROS,1270629.01,#NULO#,,,
150001718505,2022,PB,DEPUTADO ESTADUAL,36666,SARGENTO IVALDO GARRINCHA,AGIR,10/01/1956,67,MASCULINO,SUPERIOR COMPLETO,CASADO(A),PARDA,APOSENTADO (EXCETO SERVIDOR PÚBLICO),1270629.01,NÃO ELEITO,467.0,1347.25,
150001723298,2022,PB,DEPUTADO ESTADUAL,14145,DR LUCIANO SANTOS,PTB,13/02/1984,38,MASCULINO,SUPERIOR COMPLETO,SOLTEIRO(A),PARDA,SERVIDOR PÚBLICO MUNICIPAL,1270629.01,NÃO ELEITO,577.0,14558.5,320000.0
150001737752,2022,PB,DEPUTADO ESTADUAL,35011,DR. BIRA,PMB,26/02/1987,35,MASCULINO,SUPERIOR COMPLETO,CASADO(A),BRANCA,ADVOGADO,1270629.01,NÃO ELEITO,3.0,,66000.0
150001620791,2022,PB,DEPUTADO ESTADUAL,55235,WELLITON CARLOS,PSD,12/03/1986,36,MASCULINO,SUPERIOR COMPLETO,SOLTEIRO(A),PARDA,ENFERMEIRO,1270629.01,NÃO ELEITO,2.0,,
150001620780,2022,PB,DEPUTADO ESTADUAL,55555,PIMENTEL FILHO,PSD,03/04/1959,63,MASCULINO,SUPERIOR COMPLETO,CASADO(A),BRANCA,ADMINISTRADOR,1270629.01,SUPLENTE,4074.0,50000.0,1030000.0
150001621571,2022,PB,DEPUTADO ESTADUAL,50123,SEU CIÇO,PSOL,18/05/1958,64,MASCULINO,ENSINO FUNDAMENTAL COMPLETO,DIVORCIADO(A),BRANCA,BANCÁRIO E ECONOMIÁRIO,1270629.01,SUPLENTE,639.0,9366.45,95000.0
150001641285,2022,PB,DEPUTADO ESTADUAL,55002,CABO ADRIANE MORATO,PSD,25/04/1982,40,FEMININO,SUPERIOR COMPLETO,DIVORCIADO(A),PARDA,POLICIAL MILITAR,1270629.01,SUPLENTE,381.0,75837.25,
150001619564,2022,PB,DEPUTADO ESTADUAL,10190,CAPITÃO ANTÔNIO,REPUBLICANOS,04/10/1980,42,MASCULINO,SUPERIOR COMPLETO,CASADO(A),PARDA,POLICIAL MILITAR,1270629.01,SUPLENTE,2376.0,90000.0,3800000.0
150001603125,2022,PB,DEPUTADO ESTADUAL,44456,HERBET BRAZ,UNIÃO,17/08/1984,38,MASCULINO,SUPERIOR COMPLETO,SOLTEIRO(A),PARDA,TÉCNICO DE LABORATÓRIO E RAIOS X,1270629.01,SUPLENTE,260.0,30000.0,
150001718215,2022,PB,DEPUTADO ESTADUAL,22345,THIAGO DA GALINHA,PL,27/11/1983,39,MASCULINO,ENSINO MÉDIO COMPLETO,CASADO(A),BRANCA,OUTROS,1270629.01,#NULO#,,,
150001620828,2022,PB,DEPUTADO ESTADUAL,77000,DR. EDUARDO BRITO,SOLIDARIEDADE,24/01/1979,44,MASCULINO,SUPERIOR COMPLETO,CASADO(A),PARDA,MÉDICO,1270629.01,ELEITO POR QP,22778.0,73618.64,730000.0
150001718201,2022,PB,DEPUTADO ESTADUAL,22333,JOÃO PAULO AVELINO,PL,20/10/1990,32,MASCULINO,SUPERIOR INCOMPLETO,SOLTEIRO(A),PARDA,OUTROS,1270629.01,SUPLENTE,552.0,15000.0,
150001621575,2022,PB,DEPUTADO ESTADUAL,18007,DANILO RIBEIRO,REDE,26/04/1994,28,MASCULINO,ENSINO MÉDIO COMPLETO,SOLTEIRO(A),PARDA,OUTROS,1270629.01,SUPLENTE,207.0,13600.0,
150001718490,2022,PB,DEPUTADO ESTADUAL,36555,FÁBIO SOUSA,AGIR,29/12/1983,39,MASCULINO,ENSINO MÉDIO COMPLETO,DIVORCIADO(A),PARDA,ESCULTOR E PINTOR,1270629.01,#NULO#,,,
150001724879,2022,PB,DEPUTADO ESTADUAL,22111,TERTULIANO CHIANCA,PL,07/03/1968,54,MASCULINO,SUPERIOR INCOMPLETO,SOLTEIRO(A),PARDA,EMPRESÁRIO,1270629.01,#NULO#,,,105000.0
150001737744,2022,PB,DEPUTADO ESTADUAL,12456,MARLÂNGELA,PDT,01/12/1976,46,FEMININO,ENSINO MÉDIO COMPLETO,SOLTEIRO(A),PARDA,EMPREGADO DOMÉSTICO,1270629.01,NÃO ELEITO,224.0,25000.0,
150001620808,2022,PB,DEPUTADO ESTADUAL,77222,EDUARDO CARNEIRO,SOLIDARIEDADE,14/09/1983,39,MASCULINO,ENSINO MÉDIO COMPLETO,CASADO(A),BRANCA,EMPRESÁRIO,1270629.01,ELEITO POR QP,47535.0,220200.0,1026781.57
150001723299,2022,PB,DEPUTADO ESTADUAL,14789,MARCÔNI RODRIGUES,PTB,15/07/1961,61,MASCULINO,ENSINO MÉDIO COMPLETO,DIVORCIADO(A),BRANCA,RELOJOEIRO E MONTADOR DE INSTRUMENTO DE PRECISÃO,1270629.01,NÃO ELEITO,172.0,4058.5,215000.0
150001718203,2022,PB,DEPUTADO ESTADUAL,22700,DRA MENA NOBREGA,PL,21/04/1961,61,FEMININO,SUPERIOR COMPLETO,CASADO(A),PARDA,ODONTÓLOGO,1270629.01,SUPLENTE,260.0,15000.0,
150001603131,2022,PB,DEPUTADO ESTADUAL,44789,FLÁVIO OLIVEIRA,UNIÃO,27/05/1973,49,MASCULINO,ENSINO FUNDAMENTAL COMPLETO,SOLTEIRO(A),PARDA,COMERCIANTE,1270629.01,NÃO ELEITO,384.0,30000.0,
150001718221,2022,PB,DEPUTADO ESTADUAL,22999,SARGENTO NETO,PL,02/04/1974,48,MASCULINO,SUPERIOR COMPLETO,CASADO(A),BRANCA,VEREADOR,1270629.01,ELEITO POR QP,20602.0,59817.3,320000.0
150001718097,2022,PB,DEPUTADO ESTADUAL,15155,PROFESSORA ANA LÚCIA,MDB,28/07/1972,50,FEMININO,SUPERIOR COMPLETO,SOLTEIRO(A),PARDA,OUTROS,1270629.01,#NULO#,,,
150001718088,2022,PB,DEPUTADO ESTADUAL,15069,HENRI MALZAC,MDB,30/07/1958,64,MASCULINO,SUPERIOR COMPLETO,CASADO(A),PARDA,OUTROS,1270629.01,SUPLENTE,33.0,,
150001621385,2022,PB,DEPUTADO ESTADUAL,45245,DIANA GOMES,PSDB,22/04/1980,42,FEMININO,SUPERIOR COMPLETO,SOLTEIRO(A),BRANCA,OUTROS,1270629.01,SUPLENTE,60.0,10000.0,
150001621659,2022,PB,DEPUTADO ESTADUAL,40000,JACQUELINE,PSB,20/08/1966,56,FEMININO,SUPERIOR COMPLETO,CASADO(A),BRANCA,SERVIDOR PÚBLICO MUNICIPAL,1270629.01,SUPLENTE,5454.0,112731.76000000001,1146879.15
150001621667,2022,PB,DEPUTADO ESTADUAL,40333,TIAO GOMES ,PSB,26/01/1957,66,MASCULINO,SUPERIOR COMPLETO,DIVORCIADO(A),PARDA,DEPUTADO,1270629.01,ELEITO POR QP,41806.0,130011.76,518000.0
150001621555,2022,PB,DEPUTADO ESTADUAL,50333,IVON DA BARRA,PSOL,28/05/1974,48,MASCULINO,ENSINO MÉDIO COMPLETO,SOLTEIRO(A),PRETA,AGRICULTOR,1270629.01,SUPLENTE,370.0,10478.1,
150001621567,2022,PB,DEPUTADO ESTADUAL,50500,PROFESSOR NELSON JUNIOR,PSOL,16/04/1969,53,MASCULINO,SUPERIOR COMPLETO,CASADO(A),PRETA,PROFESSOR DE ENSINO SUPERIOR,1270629.01,SUPLENTE,1208.0,26793.510000000002,411000.0
150001603120,2022,PB,DEPUTADO ESTADUAL,44300,SAMARA GUEDES,UNIÃO,23/09/1979,43,FEMININO,ENSINO MÉDIO COMPLETO,SOLTEIRO(A),PARDA,"VENDEDOR PRACISTA, REPRESENTANTE, CAIXEIRO-VIAJANTE E ASSEMELHADOS",1270629.01,SUPLENTE,79.0,30000.0,
150001718106,2022,PB,DEPUTADO ESTADUAL,15130,DR EMMANUEL FALCAO,MDB,23/07/1983,39,MASCULINO,SUPERIOR COMPLETO,SOLTEIRO(A),PARDA,PROFESSOR DE ENSINO SUPERIOR,1270629.01,SUPLENTE,467.0,375.0,202852.99
150001621558,2022,PB,DEPUTADO ESTADUAL,18168,JANE SANTOS,REDE,07/11/1985,37,FEMININO,ENSINO MÉDIO COMPLETO,SOLTEIRO(A),PARDA,ESTETICISTA,1270629.01,SUPLENTE,68.0,40000.0,
150001643186,2022,PB,DEPUTADO ESTADUAL,13023,EDNA DO GÁS,PT,25/09/1970,52,FEMININO,ENSINO MÉDIO COMPLETO,SOLTEIRO(A),BRANCA,EMPRESÁRIO,1270629.01,SUPLENTE,172.0,20000.0,230000.0
150001643200,2022,PB,DEPUTADO ESTADUAL,13444,CABELINHO PORTO,PT,28/10/1981,41,MASCULINO,ENSINO FUNDAMENTAL COMPLETO,SOLTEIRO(A),PARDA,CANTOR E COMPOSITOR,1270629.01,SUPLENTE,307.0,12150.0,
150001737759,2022,PB,DEPUTADO ESTADUAL,35222,NÕ PICANHA,PMB,14/11/1969,53,MASCULINO,ENSINO FUNDAMENTAL INCOMPLETO,SOLTEIRO(A),PRETA,GERENTE,1270629.01,NÃO ELEITO,81.0,,
150001621597,2022,PB,DEPUTADO ESTADUAL,27777,VIEIRINHA,DC,27/07/1961,61,MASCULINO,ENSINO MÉDIO COMPLETO,SOLTEIRO(A),BRANCA,"CORRETOR DE IMÓVEIS, SEGUROS, TÍTULOS E VALORES",1270629.01,NÃO ELEITO,225.0,8073.08,
150001723292,2022,PB,DEPUTADO ESTADUAL,14567,ALLISON TEBERGE,PTB,05/11/1976,46,MASCULINO,SUPERIOR INCOMPLETO,CASADO(A),BRANCA,COMERCIÁRIO,1270629.01,NÃO ELEITO,334.0,4058.5,
150001621603,2022,PB,DEPUTADO ESTADUAL,27444,RAIMUNDA DA VERDURA,DC,24/12/1979,43,FEMININO,ENSINO MÉDIO COMPLETO,SOLTEIRO(A),INDÍGENA,SERVIDOR PÚBLICO MUNICIPAL,1270629.01,#NULO#,,,
150001718366,2022,PB,DEPUTADO ESTADUAL,35444,MARIA DO SOCORRO,PMB,29/04/1963,59,FEMININO,ENSINO FUNDAMENTAL COMPLETO,SOLTEIRO(A),PARDA,OUTROS,1270629.01,#NULO#,,,45000.0
150001603135,2022,PB,DEPUTADO ESTADUAL,44000,TIANE DE BERG,UNIÃO,04/02/1978,44,FEMININO,SUPERIOR COMPLETO,SOLTEIRO(A),PARDA,VEREADOR,1270629.01,SUPLENTE,2509.0,1270629.01,54000.0
150001725962,2022,PB,DEPUTADO ESTADUAL,22800,EVANDRO LIMA,PL,26/01/1976,47,MASCULINO,ENSINO MÉDIO INCOMPLETO,CASADO(A),PARDA,MOTORISTA DE VEÍCULOS DE TRANSPORTE DE CARGA,1270629.01,SUPLENTE,338.0,,
150001603146,2022,PB,DEPUTADO ESTADUAL,44190,RAPHAELLA LINS,UNIÃO,22/03/1987,35,FEMININO,SUPERIOR COMPLETO,DIVORCIADO(A),BRANCA,POLICIAL MILITAR,1270629.01,#NULO#,,,22000.0
150001621656,2022,PB,DEPUTADO ESTADUAL,40413,JAIRO OLIVEIRA ,PSB,22/04/1953,69,MASCULINO,SUPERIOR COMPLETO,SOLTEIRO(A),PARDA,ADVOGADO,1270629.01,#NULO#,,,194777.54
150001718101,2022,PB,DEPUTADO ESTADUAL,15100,NININHO DE MANGABEIRA,MDB,04/01/1975,48,MASCULINO,ENSINO MÉDIO COMPLETO,CASADO(A),BRANCA,OUTROS,1270629.01,SUPLENTE,183.0,,
150001725845,2022,PB,DEPUTADO ESTADUAL,27027,EDILENE SILVA,DC,15/02/1984,38,FEMININO,ENSINO FUNDAMENTAL INCOMPLETO,SOLTEIRO(A),PARDA,DONA DE CASA,1270629.01,NÃO ELEITO,49.0,7480.0,
150001718386,2022,PB,DEPUTADO ESTADUAL,35122,ISAURA FARIAS,PMB,26/04/1984,38,FEMININO,SUPERIOR COMPLETO,CASADO(A),PARDA,ADVOGADO,1270629.01,#NULO#,,,220000.0
150001718217,2022,PB,DEPUTADO ESTADUAL,22777,CORONEL RAMALHO,PL,17/06/1970,52,MASCULINO,SUPERIOR COMPLETO,DIVORCIADO(A),BRANCA,OUTROS,1270629.01,SUPLENTE,3024.0,15000.0,157000.0
150001621365,2022,PB,DEPUTADO ESTADUAL,45500,PRISCILA MARAVILHA,PSDB,01/09/1989,33,FEMININO,SUPERIOR COMPLETO,SOLTEIRO(A),PARDA,OUTROS,1270629.01,SUPLENTE,1619.0,40000.0,137000.0
150001718225,2022,PB,DEPUTADO ESTADUAL,22300,WELLINGTON CARNEIRO,PL,02/07/1969,53,MASCULINO,SUPERIOR COMPLETO,SOLTEIRO(A),PARDA,OUTROS,1270629.01,SUPLENTE,182.0,15000.0,
150001603148,2022,PB,DEPUTADO ESTADUAL,44112,PASTOR PAULINHO PAZ,UNIÃO,28/03/1985,37,MASCULINO,SUPERIOR INCOMPLETO,CASADO(A),BRANCA,OUTROS,1270629.01,NÃO ELEITO,90.0,,
150001718212,2022,PB,DEPUTADO ESTADUAL,22001,PROF SGT JOELSON,PL,15/03/1963,59,MASCULINO,SUPERIOR COMPLETO,CASADO(A),PARDA,OUTROS,1270629.01,SUPLENTE,2228.0,15011.65,22000.0
150001725483,2022,PB,DEPUTADO ESTADUAL,12321,CONCEIÇÃO OLIVEIRA,PDT,08/12/1995,27,FEMININO,ENSINO MÉDIO COMPLETO,SOLTEIRO(A),PARDA,"ESTUDANTE, BOLSISTA, ESTAGIÁRIO E ASSEMELHADOS",1270629.01,#NULO#,,,
150001718205,2022,PB,DEPUTADO ESTADUAL,22444,JOSMA OLIVEIRA,PL,25/09/1982,40,MASCULINO,SUPERIOR COMPLETO,SOLTEIRO(A),BRANCA,EMPRESÁRIO,1270629.01,SUPLENTE,3891.0,17500.0,147978.91
